frame,t_video_s,x,y,z,section
1,0.0,-5.187,0.841,4.019,s01
2,0.1,-4.906,0.871,4.018,s01
3,0.2,-4.472,0.885,3.904,s01
4,0.3,-3.906,0.797,3.794,s01
5,0.4,-3.416,0.728,3.757,s01
6,0.5,-2.737,0.665,3.571,s01
7,0.6,-2.099,0.723,3.563,s01
8,0.7,-1.337,0.708,3.507,s01
9,0.8,-0.752,0.547,3.406,s01
10,0.9,0.091,0.417,3.267,s01
11,1.0,0.769,0.217,3.052,s01
12,1.1,1.424,0.138,2.982,s01
13,1.2,2.107,0.061,2.894,s01
14,1.3,2.927,0.083,2.741,s01
15,1.4,3.663,-0.043,2.674,s01
16,1.5,4.550,-0.042,2.550,s01
17,1.6,5.403,-0.015,2.387,s01
18,1.7,6.349,0.151,2.399,s01
19,1.8,7.167,0.219,2.353,s01
20,1.9,8.055,0.423,2.370,s01
21,2.0,8.794,0.423,2.260,s01
22,2.1,9.488,0.606,2.292,s01
23,2.2,10.228,0.623,2.297,s01
24,2.3,10.996,0.754,2.366,s01
25,2.4,11.678,0.650,2.422,s01
26,2.5,12.367,0.646,2.497,s01
27,2.6,13.064,0.625,2.531,s01
28,2.7,13.775,0.774,2.607,s01
29,2.8,14.549,0.670,2.635,s01
30,2.9,15.467,0.701,2.758,s01
31,3.0,16.442,0.685,2.744,s01
32,3.1,17.265,0.695,2.751,s01
33,3.2,18.172,0.632,2.722,s01
34,3.3,18.994,0.752,2.757,s01
35,3.4,19.923,0.764,2.757,s01
36,3.5,20.884,0.822,2.845,s01
37,3.6,21.751,0.764,2.934,s01
38,3.7,22.584,0.848,3.026,s01
39,3.8,23.313,0.892,2.942,s01
40,3.9,23.942,0.902,2.957,s01
41,4.0,24.785,1.000,2.974,s01
42,4.1,25.472,1.202,3.054,s01
43,4.2,26.198,1.255,3.045,s01
44,4.3,26.800,1.230,3.122,s01
45,4.4,27.399,1.147,3.141,s01
46,4.5,28.148,1.192,3.170,s01
47,4.6,28.839,1.270,3.141,s01
48,4.7,29.591,1.391,3.362,s01
49,4.8,30.444,1.491,3.463,s01
50,4.9,31.161,1.526,3.576,s01
51,5.0,32.022,1.546,3.645,s01
52,5.1,32.757,1.441,3.614,s01
53,5.2,33.533,1.533,3.486,s01
54,5.3,34.418,1.568,3.398,s01
55,5.4,35.103,1.580,3.232,s01
56,5.5,35.893,1.429,3.176,s01
57,5.6,36.701,1.186,3.030,s01
58,5.7,37.393,1.078,2.991,s01
59,5.8,38.186,0.963,2.832,s01
60,5.9,38.934,0.862,2.746,s01
61,6.0,39.769,0.984,2.655,s01
62,6.1,40.691,0.891,2.736,s01
63,6.2,41.304,1.025,2.721,s01
64,6.3,42.283,1.047,2.624,s01
65,6.4,43.036,1.028,2.597,s01
66,6.5,43.959,1.203,2.593,s01
67,6.6,44.866,1.269,2.470,s01
68,6.7,45.684,1.276,2.417,s01
69,6.8,46.270,1.188,2.298,s01
70,6.9,47.093,1.102,2.289,s01
71,7.0,47.902,1.046,2.201,s01
72,7.1,48.864,0.992,2.098,s01
73,7.2,49.300,0.759,2.075,s01
74,7.3,50.132,0.834,2.010,s01
75,7.4,50.750,0.727,1.966,s01
76,7.5,51.361,0.666,1.861,s01
77,7.6,51.919,0.646,1.807,s01
78,7.7,52.721,0.696,1.804,s01
79,7.8,53.383,0.743,1.741,s01
80,7.9,53.964,0.859,1.629,s01
81,8.0,54.428,0.827,1.462,s01
82,8.1,55.225,1.020,1.342,s01
83,8.2,55.895,0.987,1.176,s01
84,8.3,56.623,1.019,0.992,s01
85,8.4,57.444,1.089,0.912,s01
86,8.5,58.263,1.101,0.783,s01
87,8.6,58.939,1.255,0.563,s01
88,8.7,59.572,1.189,0.340,s01
89,8.8,60.251,1.176,0.205,s01
90,8.9,61.073,1.180,0.105,s01
91,9.0,61.815,1.127,0.022,s01
92,9.1,62.431,1.059,-0.026,s01
93,9.2,62.966,1.175,-0.115,s01
94,9.3,63.485,1.080,-0.274,s01
95,9.4,64.203,1.037,-0.381,s01
96,9.5,64.900,0.942,-0.468,s01
97,9.6,65.589,1.000,-0.523,s01
98,9.7,66.268,1.108,-0.592,s01
99,9.8,66.865,1.137,-0.697,s01
100,9.9,67.523,1.256,-0.784,s01
101,10.0,68.129,1.417,-0.884,s01
102,10.1,68.838,1.289,-1.049,s01
103,10.2,69.365,1.381,-1.159,s01
104,10.3,69.859,1.476,-1.275,s01
105,10.4,70.323,1.542,-1.446,s01
106,10.5,70.986,1.603,-1.591,s01
107,10.6,71.547,1.630,-1.713,s01
108,10.7,72.113,1.658,-1.843,s01
109,10.8,72.628,1.614,-1.971,s01
110,10.9,73.342,1.676,-2.186,s01
111,11.0,74.026,1.776,-2.319,s01
112,11.1,74.870,1.672,-2.456,s01
113,11.2,75.707,1.642,-2.570,s01
114,11.3,76.518,1.514,-2.555,s01
115,11.4,77.179,1.439,-2.687,s01
116,11.5,77.848,1.361,-2.874,s01
117,11.6,78.552,1.261,-2.946,s01
118,11.7,79.194,1.201,-3.059,s01
119,11.8,79.783,1.011,-3.052,s01
120,11.9,80.301,0.904,-3.072,s01
121,12.0,80.793,0.887,-3.101,s01
122,12.1,81.293,0.864,-3.159,s01
123,12.2,81.921,1.013,-3.243,s01
124,12.3,82.487,0.978,-3.335,s01
125,12.4,83.232,0.866,-3.330,s01
126,12.5,83.883,0.906,-3.458,s01
127,12.6,84.628,0.925,-3.525,s01
128,12.7,85.229,0.948,-3.652,s01
129,12.8,86.008,0.909,-3.749,s01
130,12.9,86.684,0.953,-3.806,s01
131,13.0,87.361,0.918,-3.865,s01
132,13.1,87.974,0.822,-3.919,s01
133,13.2,88.598,0.812,-3.833,s01
134,13.3,88.995,0.877,-3.892,s01
135,13.4,89.603,0.775,-3.808,s01
136,13.5,90.129,0.849,-3.806,s01
137,13.6,90.817,0.933,-3.766,s01
138,13.7,91.334,1.056,-3.698,s01
139,13.8,91.847,1.171,-3.666,s01
140,13.9,92.261,1.311,-3.606,s01
141,14.0,92.784,1.364,-3.533,s01
142,14.1,93.343,1.461,-3.573,s01
143,14.2,93.917,1.468,-3.442,s01
144,14.3,94.367,1.598,-3.438,s01
145,14.4,94.763,1.556,-3.388,s01
146,14.5,95.230,1.659,-3.360,s01
147,14.6,95.711,1.626,-3.374,s01
148,14.7,96.305,1.570,-3.330,s01
149,14.8,96.963,1.502,-3.308,s01
150,14.9,97.569,1.507,-3.361,s01
151,15.0,98.235,1.557,-3.389,s01
152,15.1,98.917,1.618,-3.396,s01
153,15.2,99.503,1.547,-3.431,s01
154,15.3,100.209,1.539,-3.340,s01
155,15.4,100.756,1.436,-3.315,s01
156,15.5,101.379,1.487,-3.303,s01
157,15.6,102.107,1.485,-3.382,s01
158,15.7,102.685,1.509,-3.363,s01
159,15.8,103.308,1.483,-3.417,s01
160,15.9,103.912,1.417,-3.261,s01
161,16.0,104.550,1.373,-3.258,s01
162,16.1,105.256,1.425,-3.232,s01
163,16.2,106.082,1.505,-3.363,s01
164,16.3,106.874,1.556,-3.444,s01
165,16.4,107.522,1.542,-3.398,s01
166,16.5,108.130,1.541,-3.382,s01
167,16.6,108.759,1.513,-3.369,s01
168,16.7,109.448,1.659,-3.377,s01
169,16.8,110.032,1.728,-3.478,s01
170,16.9,110.763,1.873,-3.536,s01
171,17.0,111.532,2.045,-3.501,s01
172,17.1,112.011,2.110,-3.533,s01
173,17.2,112.569,2.205,-3.611,s01
174,17.3,113.132,2.324,-3.682,s01
175,17.4,113.575,2.497,-3.634,s01
176,17.5,114.198,2.617,-3.744,s01
177,17.6,114.810,2.611,-3.873,s01
178,17.7,115.578,2.708,-3.956,s01
179,17.8,116.089,2.698,-4.037,s01
180,17.9,116.634,2.671,-4.220,s01
181,18.0,117.294,2.596,-4.348,s01
182,18.1,118.129,2.648,-4.323,s01
183,18.2,118.973,2.622,-4.425,s01
184,18.3,119.850,2.511,-4.586,s01
185,18.4,120.705,2.470,-4.798,s01
186,18.5,121.417,2.396,-4.802,s01
187,18.6,121.987,2.354,-4.850,s01
188,18.7,122.716,2.286,-4.980,s01
189,18.8,123.411,2.171,-4.927,s01
190,18.9,124.391,2.226,-4.918,s01
191,19.0,125.044,2.053,-5.036,s01
192,19.1,125.969,2.061,-5.109,s01
193,19.2,126.877,2.131,-5.227,s01
194,19.3,127.737,2.171,-5.260,s01
195,19.4,128.701,2.207,-5.425,s01
196,19.5,129.852,2.294,-5.676,s01
197,19.6,130.889,2.361,-5.801,s01
198,19.7,132.024,2.560,-6.039,s01
199,19.8,132.929,2.700,-6.211,s01
200,19.9,134.037,2.866,-6.508,s01
201,20.0,134.988,2.907,-6.744,s01
202,20.1,136.004,2.915,-6.943,s01
203,20.2,137.024,2.926,-7.140,s01
204,20.3,137.997,3.005,-7.341,s01
205,20.4,138.813,2.997,-7.538,s01
206,20.5,139.803,2.965,-7.788,s01
207,20.6,140.773,2.958,-8.129,s01
208,20.7,141.731,2.813,-8.438,s01
209,20.8,142.564,2.826,-8.637,s01
210,20.9,143.446,2.873,-8.963,s01
211,21.0,144.359,2.829,-9.286,s01
212,21.1,145.339,2.736,-9.662,s01
213,21.2,146.252,2.621,-9.948,s01
214,21.3,147.264,2.531,-10.240,s01
215,21.4,148.096,2.601,-10.477,s01
216,21.5,148.901,2.536,-10.600,s01
217,21.6,149.812,2.598,-10.858,s01
218,21.7,150.783,2.555,-11.012,s01
219,21.8,151.869,2.625,-11.128,s01
220,21.9,152.858,2.649,-11.322,s01
221,22.0,153.729,2.843,-11.476,s01
222,22.1,154.761,2.916,-11.650,s01
223,22.2,155.768,2.916,-11.799,s01
224,22.3,156.803,2.973,-11.998,s01
225,22.4,157.773,2.916,-12.297,s01
226,22.5,158.621,2.884,-12.391,s01
227,22.6,159.321,2.949,-12.541,s01
228,22.7,159.784,2.916,-12.717,s01
229,22.8,160.408,3.032,-12.787,s01
230,22.9,161.062,2.929,-12.949,s01
231,23.0,161.514,2.909,-12.947,s01
232,23.1,161.764,2.883,-12.999,s01
233,23.2,162.083,2.789,-13.120,s01
234,23.3,162.363,2.880,-13.073,s01
235,23.4,162.865,2.935,-13.217,s01
236,23.5,163.460,2.890,-13.385,s01
237,23.6,164.043,2.882,-13.494,s01
238,23.7,164.567,2.764,-13.611,s01
239,23.8,165.014,2.845,-13.584,s01
240,23.9,165.756,2.923,-13.710,s01
241,24.0,166.504,3.043,-13.786,s01
242,24.1,167.283,3.124,-13.751,s01
243,24.2,168.305,3.079,-13.948,s01
244,24.3,169.219,3.009,-14.023,s01
245,24.4,170.128,2.941,-14.067,s01
246,24.5,171.144,2.867,-14.292,s01
247,24.6,172.076,2.888,-14.431,s01
248,24.7,173.043,2.762,-14.589,s01
249,24.8,173.884,2.629,-14.824,s01
250,24.9,174.678,2.604,-15.054,s01
251,25.0,175.480,2.615,-15.313,s01
252,25.1,176.203,2.556,-15.402,s01
253,25.2,176.710,2.467,-15.535,s01
254,25.3,177.304,2.468,-15.767,s01
255,25.4,177.921,2.482,-15.758,s01
256,25.5,178.537,2.434,-15.864,s01
257,25.6,179.213,2.417,-15.939,s01
258,25.7,179.913,2.603,-16.012,s01
259,25.8,180.660,2.652,-16.014,s01
260,25.9,181.342,2.679,-16.067,s01
261,26.0,181.770,2.834,-16.308,s01
262,26.1,182.533,2.998,-16.425,s01
263,26.2,183.150,3.102,-16.463,s01
264,26.3,183.731,3.072,-16.573,s01
265,26.4,184.528,3.146,-16.696,s01
266,26.5,185.291,3.313,-16.914,s01
267,26.6,185.769,3.088,-17.047,s01
268,26.7,186.516,3.037,-17.230,s01
269,26.8,187.556,2.977,-17.414,s01
270,26.9,188.667,2.969,-17.570,s01
271,27.0,189.607,3.093,-17.801,s01
272,27.1,190.643,3.174,-18.062,s01
273,27.2,191.704,3.184,-18.399,s01
274,27.3,192.479,3.263,-18.572,s01
275,27.4,193.257,3.206,-18.779,s01
276,27.5,194.295,3.435,-19.036,s01
277,27.6,195.195,3.506,-19.331,s01
278,27.7,195.879,3.574,-19.539,s01
279,27.8,196.679,3.519,-19.730,s01
280,27.9,197.416,3.395,-19.899,s01
281,28.0,198.234,3.343,-20.142,s01
282,28.1,198.880,3.441,-20.224,s01
283,28.2,199.706,3.457,-20.424,s01
284,28.3,200.608,3.615,-20.594,s01
285,28.4,201.500,3.659,-20.724,s01
286,28.5,202.505,3.770,-20.794,s01
287,28.6,203.389,3.835,-20.904,s01
288,28.7,204.179,3.910,-21.028,s01
289,28.8,204.958,3.971,-21.244,s01
290,28.9,205.777,4.017,-21.462,s01
291,29.0,206.737,4.014,-21.910,s01
292,29.1,207.388,4.026,-22.352,s01
293,29.2,208.186,3.984,-22.771,s01
294,29.3,208.999,3.930,-23.242,s01
295,29.4,209.687,3.811,-23.624,s01
296,29.5,210.508,3.742,-24.099,s01
297,29.6,211.273,3.834,-24.459,s01
298,29.7,211.956,3.890,-24.682,s01
299,29.8,212.430,3.865,-24.767,s01
300,29.9,213.060,3.839,-24.796,s01
301,30.0,213.899,3.771,-24.906,s01
302,30.1,214.469,3.632,-24.953,s01
303,30.2,215.019,3.539,-24.959,s01
304,30.3,215.448,3.483,-25.047,s01
305,30.4,215.921,3.545,-25.150,s01
306,30.5,216.395,3.525,-25.369,s01
307,30.6,217.145,3.496,-25.670,s01
308,30.7,217.941,3.588,-26.037,s01
309,30.8,218.743,3.708,-26.367,s01
310,30.9,219.523,3.873,-26.567,s01
311,31.0,220.234,4.074,-26.796,s01
312,31.1,220.983,4.224,-27.118,s01
313,31.2,221.939,4.248,-27.421,s01
314,31.3,222.903,4.191,-27.637,s01
315,31.4,223.756,4.176,-27.760,s01
316,31.5,224.487,4.268,-27.848,s01
317,31.6,225.284,4.208,-28.024,s01
318,31.7,225.731,4.224,-28.116,s01
319,31.8,226.209,4.160,-28.303,s01
320,31.9,226.771,4.255,-28.415,s01
321,32.0,227.363,4.149,-28.589,s01
322,32.1,227.739,4.173,-28.860,s01
323,32.2,227.875,4.075,-29.057,s01
324,32.3,228.254,4.087,-29.250,s01
325,32.4,228.732,3.930,-29.456,s01
326,32.5,229.046,3.971,-29.592,s01
327,32.6,229.588,3.836,-29.773,s01
328,32.7,230.159,3.908,-29.833,s01
329,32.8,230.699,3.765,-30.016,s01
330,32.9,231.196,3.958,-29.928,s01
331,33.0,231.854,4.038,-29.882,s01
332,33.1,232.532,4.217,-29.858,s01
333,33.2,233.059,4.242,-29.848,s01
334,33.3,233.607,4.392,-29.834,s01
335,33.4,234.287,4.426,-29.759,s01
336,33.5,235.195,4.536,-29.819,s01
337,33.6,235.968,4.444,-30.094,s01
338,33.7,236.746,4.511,-30.212,s01
339,33.8,237.435,4.386,-30.530,s01
340,33.9,238.098,4.352,-30.736,s01
341,34.0,239.019,4.304,-30.971,s01
342,34.1,239.917,4.300,-31.189,s01
343,34.2,240.564,4.184,-31.364,s01
344,34.3,241.319,4.157,-31.748,s01
345,34.4,241.791,4.107,-31.849,s01
346,34.5,242.390,4.112,-31.900,s01
347,34.6,243.007,4.034,-32.058,s01
348,34.7,243.634,4.115,-32.103,s01
349,34.8,244.205,4.114,-32.085,s01
350,34.9,244.656,4.129,-32.129,s01
351,35.0,245.151,4.044,-32.176,s01
352,35.1,245.730,4.127,-32.437,s01
353,35.2,246.238,4.121,-32.519,s01
354,35.3,246.697,4.189,-32.726,s01
355,35.4,247.046,4.239,-32.869,s01
356,35.5,247.435,4.248,-33.010,s02
357,35.6,247.746,4.279,-33.176,s02
358,35.7,248.024,4.352,-33.379,s02
359,35.8,248.303,4.353,-33.573,s02
360,35.9,248.500,4.412,-33.746,s02
361,36.0,248.780,4.394,-33.766,s02
362,36.1,248.921,4.439,-33.827,s02
363,36.2,249.131,4.460,-33.929,s02
364,36.3,249.346,4.476,-33.982,s02
365,36.4,249.537,4.511,-34.074,s02
366,36.5,249.788,4.466,-34.171,s02
367,36.6,250.087,4.385,-34.307,s02
368,36.7,250.290,4.366,-34.405,s02
369,36.8,250.585,4.367,-34.493,s02
370,36.9,250.780,4.353,-34.570,s02
371,37.0,251.098,4.285,-34.664,s02
372,37.1,251.264,4.194,-34.704,s02
373,37.2,251.438,4.145,-34.753,s02
374,37.3,251.570,4.139,-34.766,s02
375,37.4,251.694,4.129,-34.763,s02
376,37.5,251.749,4.190,-34.800,s02
377,37.6,251.837,4.186,-34.845,s02
378,37.7,251.970,4.169,-34.876,s02
379,37.8,252.024,4.174,-34.914,s02
380,37.9,252.103,4.173,-34.950,s02
381,38.0,252.136,4.176,-34.971,s02
382,38.1,252.264,4.180,-35.047,s02
383,38.2,252.345,4.177,-35.087,s02
384,38.3,252.423,4.181,-35.170,s02
385,38.4,252.487,4.126,-35.225,s02
386,38.5,252.537,4.128,-35.248,s02
387,38.6,252.626,4.129,-35.295,s02
388,38.7,252.736,4.127,-35.383,s02
389,38.8,252.791,4.127,-35.398,s02
390,38.9,253.032,4.141,-35.548,s02
391,39.0,253.072,4.122,-35.520,s02
392,39.1,253.211,4.081,-35.650,s02
393,39.2,253.299,4.089,-35.667,s02
394,39.3,253.485,4.118,-35.738,s02
395,39.4,253.658,4.155,-35.801,s02
396,39.5,253.739,4.168,-35.903,s02
397,39.6,253.812,4.178,-35.904,s02
398,39.7,253.945,4.197,-35.986,s02
399,39.8,253.907,4.200,-35.900,s02
400,39.9,254.018,4.218,-36.053,s02
401,40.0,254.048,4.270,-36.016,s02
402,40.1,254.177,4.261,-36.120,s02
403,40.2,254.174,4.272,-36.093,s02
404,40.3,254.196,4.281,-36.177,s02
405,40.4,254.216,4.268,-36.185,s02
406,40.5,254.351,4.285,-36.264,s02
407,40.6,254.334,4.266,-36.274,s02
408,40.7,254.429,4.268,-36.371,s02
409,40.8,254.451,4.265,-36.327,s02
410,40.9,254.484,4.238,-36.366,s02
411,41.0,254.425,4.228,-36.318,s02
412,41.1,254.507,4.216,-36.373,s02
413,41.2,254.467,4.218,-36.340,s02
414,41.3,254.511,4.266,-36.345,s02
415,41.4,254.449,4.256,-36.330,s02
416,41.5,254.228,4.278,-36.199,s02
417,41.6,253.940,4.322,-36.041,s02
418,41.7,253.689,4.309,-35.952,s02
419,41.8,253.470,4.347,-35.812,s02
420,41.9,253.264,4.345,-35.785,s02
421,42.0,253.049,4.373,-35.709,s02
422,42.1,252.853,4.345,-35.583,s02
423,42.2,252.624,4.344,-35.465,s02
424,42.3,252.389,4.339,-35.320,s02
425,42.4,252.418,4.351,-35.323,s02
426,42.5,252.405,4.319,-35.357,s02
427,42.6,252.424,4.366,-35.379,s02
428,42.7,252.411,4.355,-35.408,s02
429,42.8,252.397,4.381,-35.388,s02
430,42.9,252.343,4.363,-35.313,s02
431,43.0,252.384,4.380,-35.323,s02
432,43.1,252.397,4.384,-35.254,s02
433,43.2,252.428,4.408,-35.282,s02
434,43.3,252.347,4.372,-35.276,s02
435,43.4,252.394,4.421,-35.299,s02
436,43.5,252.394,4.394,-35.279,s02
437,43.6,252.409,4.385,-35.263,s02
438,43.7,252.401,4.356,-35.180,s02
439,43.8,252.389,4.380,-35.208,s02
440,43.9,252.339,4.384,-35.220,s02
441,44.0,252.336,4.365,-35.254,s02
442,44.1,252.334,4.322,-35.300,s02
443,44.2,252.415,4.362,-35.299,s02
444,44.3,252.364,4.252,-35.227,s02
445,44.4,252.387,4.264,-35.209,s02
446,44.5,252.395,4.236,-35.194,s02
447,44.6,252.429,4.260,-35.231,s02
448,44.7,252.438,4.252,-35.206,s02
449,44.8,252.459,4.252,-35.162,s02
450,44.9,252.460,4.243,-35.173,s02
451,45.0,252.444,4.290,-35.135,s02
452,45.1,252.417,4.287,-35.114,s02
453,45.2,252.469,4.364,-35.160,s02
454,45.3,252.437,4.345,-35.192,s02
455,45.4,252.422,4.400,-35.219,s02
456,45.5,252.437,4.399,-35.230,s02
457,45.6,252.480,4.418,-35.274,s02
458,45.7,252.486,4.438,-35.305,s02
459,45.8,252.489,4.421,-35.312,s02
460,45.9,252.488,4.357,-35.295,s02
461,46.0,252.514,4.333,-35.339,s02
462,46.1,252.498,4.341,-35.295,s02
463,46.2,252.509,4.361,-35.307,s02
464,46.3,252.514,4.309,-35.288,s02
465,46.4,252.447,4.323,-35.286,s02
466,46.5,252.405,4.240,-35.252,s02
467,46.6,252.384,4.216,-35.281,s02
468,46.7,252.368,4.262,-35.216,s02
469,46.8,252.370,4.284,-35.213,s02
470,46.9,252.373,4.266,-35.225,s02
471,47.0,252.348,4.259,-35.202,s02
472,47.1,252.315,4.254,-35.147,s02
473,47.2,252.364,4.283,-35.206,s02
474,47.3,252.418,4.250,-35.220,s02
475,47.4,252.395,4.332,-35.206,s02
476,47.5,252.380,4.315,-35.146,s02
477,47.6,252.363,4.301,-35.172,s02
478,47.7,252.367,4.284,-35.180,s02
479,47.8,252.305,4.321,-35.124,s02
480,47.9,252.316,4.290,-35.150,s02
481,48.0,252.348,4.238,-35.131,s02
482,48.1,252.289,4.216,-35.043,s02
483,48.2,252.280,4.203,-35.023,s02
484,48.3,252.310,4.218,-35.034,s02
485,48.4,252.341,4.248,-35.012,s02
486,48.5,252.374,4.228,-35.036,s02
487,48.6,252.362,4.262,-35.030,s02
488,48.7,252.397,4.253,-35.043,s02
489,48.8,252.394,4.237,-35.125,s02
490,48.9,252.410,4.247,-35.132,s02
491,49.0,252.390,4.280,-35.147,s02
492,49.1,252.350,4.331,-35.141,s02
493,49.2,252.339,4.282,-35.132,s02
494,49.3,252.348,4.235,-35.173,s02
495,49.4,252.340,4.229,-35.223,s02
496,49.5,252.349,4.268,-35.281,s02
497,49.6,252.398,4.253,-35.309,s02
498,49.7,252.432,4.255,-35.250,s02
499,49.8,252.403,4.292,-35.254,s02
500,49.9,252.445,4.300,-35.292,s02
501,50.0,252.470,4.263,-35.294,s02
502,50.1,252.507,4.263,-35.336,s02
503,50.2,252.509,4.319,-35.314,s02
504,50.3,252.492,4.307,-35.250,s02
505,50.4,252.465,4.243,-35.158,s02
506,50.5,252.407,4.238,-35.125,s02
507,50.6,252.408,4.308,-35.161,s02
508,50.7,252.379,4.282,-35.177,s02
509,50.8,252.344,4.284,-35.182,s02
510,50.9,252.374,4.286,-35.191,s02
511,51.0,252.366,4.295,-35.184,s02
512,51.1,252.347,4.229,-35.238,s02
513,51.2,252.377,4.239,-35.286,s02
514,51.3,252.391,4.272,-35.305,s02
515,51.4,252.445,4.326,-35.388,s02
516,51.5,252.456,4.306,-35.371,s02
517,51.6,252.598,4.325,-35.441,s02
518,51.7,252.626,4.339,-35.450,s02
519,51.8,252.660,4.368,-35.453,s02
520,51.9,252.773,4.354,-35.509,s02
521,52.0,252.902,4.396,-35.494,s02
522,52.1,252.941,4.422,-35.508,s02
523,52.2,253.103,4.457,-35.612,s02
524,52.3,253.177,4.436,-35.531,s02
525,52.4,253.305,4.458,-35.549,s02
526,52.5,253.398,4.459,-35.510,s02
527,52.6,253.617,4.424,-35.524,s02
528,52.7,253.785,4.411,-35.519,s02
529,52.8,253.860,4.423,-35.494,s02
530,52.9,253.986,4.404,-35.573,s02
531,53.0,254.150,4.393,-35.572,s02
532,53.1,254.247,4.324,-35.512,s02
533,53.2,254.411,4.311,-35.602,s02
534,53.3,254.604,4.268,-35.668,s02
535,53.4,254.756,4.291,-35.662,s02
536,53.5,254.870,4.292,-35.641,s02
537,53.6,255.026,4.264,-35.678,s02
538,53.7,255.301,4.289,-35.739,s02
539,53.8,255.512,4.306,-35.776,s02
540,53.9,255.829,4.302,-35.851,s02
541,54.0,256.108,4.281,-35.931,s02
542,54.1,256.414,4.325,-36.009,s02
543,54.2,256.619,4.328,-36.013,s02
544,54.3,256.875,4.331,-36.147,s02
545,54.4,257.201,4.304,-36.273,s02
546,54.5,257.519,4.305,-36.347,s02
547,54.6,257.786,4.304,-36.390,s02
548,54.7,258.104,4.356,-36.393,s02
549,54.8,258.335,4.348,-36.440,s02
550,54.9,258.590,4.416,-36.573,s02
551,55.0,258.862,4.403,-36.664,s02
552,55.1,259.247,4.417,-36.785,s02
553,55.2,259.613,4.348,-36.919,s02
554,55.3,260.009,4.355,-37.019,s02
555,55.4,260.342,4.413,-37.112,s02
556,55.5,260.648,4.373,-37.246,s02
557,55.6,260.949,4.299,-37.389,s02
558,55.7,261.354,4.317,-37.432,s02
559,55.8,261.818,4.304,-37.515,s02
560,55.9,262.246,4.217,-37.505,s02
561,56.0,262.571,4.250,-37.575,s02
562,56.1,262.872,4.276,-37.557,s02
563,56.2,263.108,4.283,-37.644,s02
564,56.3,263.555,4.233,-37.733,s02
565,56.4,263.953,4.279,-37.756,s02
566,56.5,264.300,4.230,-37.766,s02
567,56.6,264.632,4.227,-37.878,s02
568,56.7,264.963,4.233,-37.881,s02
569,56.8,265.264,4.281,-37.961,s02
570,56.9,265.622,4.226,-38.056,s02
571,57.0,266.061,4.258,-38.136,s02
572,57.1,266.535,4.279,-38.170,s02
573,57.2,266.805,4.266,-38.242,s02
574,57.3,267.267,4.258,-38.297,s02
575,57.4,267.649,4.351,-38.344,s02
576,57.5,268.032,4.349,-38.443,s02
577,57.6,268.408,4.329,-38.518,s02
578,57.7,268.816,4.357,-38.619,s02
579,57.8,269.198,4.428,-38.611,s02
580,57.9,269.473,4.416,-38.673,s02
581,58.0,269.859,4.377,-38.694,s02
582,58.1,270.314,4.355,-38.746,s02
583,58.2,270.618,4.283,-38.820,s02
584,58.3,271.056,4.245,-38.919,s02
585,58.4,271.477,4.234,-38.914,s02
586,58.5,271.910,4.233,-39.017,s02
587,58.6,272.340,4.198,-39.094,s02
588,58.7,272.815,4.163,-39.185,s02
589,58.8,273.366,4.158,-39.232,s02
590,58.9,273.813,4.184,-39.369,s02
591,59.0,274.235,4.198,-39.481,s02
592,59.1,274.664,4.203,-39.660,s02
593,59.2,275.106,4.200,-39.758,s02
594,59.3,275.524,4.174,-39.920,s02
595,59.4,275.922,4.194,-39.979,s02
596,59.5,276.331,4.219,-40.115,s02
597,59.6,276.747,4.157,-40.174,s02
598,59.7,277.145,4.122,-40.356,s02
599,59.8,277.520,4.104,-40.404,s02
600,59.9,277.815,4.062,-40.429,s02
601,60.0,278.223,4.084,-40.417,s02
602,60.1,278.651,4.075,-40.484,s02
603,60.2,279.089,4.061,-40.514,s02
604,60.3,279.471,3.973,-40.574,s02
605,60.4,279.890,3.908,-40.544,s02
606,60.5,280.285,3.941,-40.597,s02
607,60.6,280.746,3.930,-40.602,s02
608,60.7,281.118,3.862,-40.720,s02
609,60.8,281.621,3.912,-40.782,s02
610,60.9,282.057,3.864,-40.852,s02
611,61.0,282.466,3.854,-40.933,s02
612,61.1,282.918,3.886,-41.045,s02
613,61.2,283.373,3.903,-41.079,s02
614,61.3,283.816,3.952,-41.199,s02
615,61.4,284.284,3.985,-41.349,s02
616,61.5,284.695,4.020,-41.453,s02
617,61.6,285.180,4.115,-41.522,s02
618,61.7,285.596,4.114,-41.692,s02
619,61.8,286.075,4.109,-41.887,s02
620,61.9,286.529,4.079,-41.957,s02
621,62.0,286.895,4.026,-42.108,s02
622,62.1,287.304,4.017,-42.280,s02
623,62.2,287.774,4.000,-42.376,s02
624,62.3,288.157,3.934,-42.506,s02
625,62.4,288.603,3.899,-42.619,s02
626,62.5,289.039,3.816,-42.718,s02
627,62.6,289.557,3.801,-42.821,s02
628,62.7,290.036,3.789,-42.814,s02
629,62.8,290.506,3.864,-42.989,s02
630,62.9,291.074,3.836,-43.090,s02
631,63.0,291.658,3.866,-43.191,s02
632,63.1,292.150,3.817,-43.352,s02
633,63.2,292.691,3.822,-43.508,s02
634,63.3,293.192,3.803,-43.643,s02
635,63.4,293.699,3.831,-43.772,s02
636,63.5,294.191,3.876,-43.951,s02
637,63.6,294.642,3.950,-44.164,s02
638,63.7,295.162,3.943,-44.408,s02
639,63.8,295.676,4.024,-44.543,s02
640,63.9,296.159,4.010,-44.754,s02
641,64.0,296.721,4.086,-44.889,s02
642,64.1,297.208,4.123,-45.068,s02
643,64.2,297.746,4.208,-45.254,s02
644,64.3,298.318,4.217,-45.420,s02
645,64.4,298.838,4.217,-45.536,s02
646,64.5,299.377,4.236,-45.728,s02
647,64.6,299.949,4.271,-45.808,s02
648,64.7,300.391,4.257,-45.941,s02
649,64.8,300.871,4.336,-46.135,s02
650,64.9,301.255,4.333,-46.330,s02
651,65.0,301.860,4.334,-46.382,s02
652,65.1,302.348,4.312,-46.586,s02
653,65.2,302.844,4.334,-46.661,s02
654,65.3,303.327,4.279,-46.794,s02
655,65.4,303.791,4.262,-46.905,s02
656,65.5,304.218,4.255,-47.119,s02
657,65.6,304.694,4.223,-47.260,s02
658,65.7,305.190,4.135,-47.236,s02
659,65.8,305.741,4.126,-47.331,s02
660,65.9,306.162,4.088,-47.489,s02
661,66.0,306.668,4.067,-47.544,s02
662,66.1,307.136,4.022,-47.726,s02
663,66.2,307.633,4.065,-47.886,s02
664,66.3,308.181,4.058,-48.023,s02
665,66.4,308.640,4.005,-48.027,s02
666,66.5,309.188,4.035,-48.268,s02
667,66.6,309.714,4.077,-48.526,s02
668,66.7,310.243,4.093,-48.806,s02
669,66.8,310.790,4.088,-48.955,s02
670,66.9,311.362,4.107,-49.205,s02
671,67.0,311.917,4.130,-49.387,s02
672,67.1,312.516,4.068,-49.588,s02
673,67.2,313.006,4.061,-49.771,s02
674,67.3,313.658,4.071,-50.025,s02
675,67.4,314.226,4.069,-50.168,s02
676,67.5,314.785,4.029,-50.452,s02
677,67.6,315.389,4.000,-50.609,s02
678,67.7,316.009,3.979,-50.962,s02
679,67.8,316.576,3.969,-51.123,s02
680,67.9,317.236,3.997,-51.455,s02
681,68.0,317.879,4.069,-51.650,s02
682,68.1,318.587,4.086,-51.878,s02
683,68.2,319.224,4.097,-52.086,s02
684,68.3,319.820,4.085,-52.238,s02
685,68.4,320.532,4.149,-52.340,s02
686,68.5,321.210,4.118,-52.499,s02
687,68.6,321.816,4.159,-52.585,s02
688,68.7,322.433,4.154,-52.759,s02
689,68.8,322.989,4.173,-52.859,s02
690,68.9,323.482,4.109,-53.039,s02
691,69.0,324.037,4.100,-53.189,s02
692,69.1,324.537,4.008,-53.341,s02
693,69.2,325.178,4.019,-53.564,s02
694,69.3,325.714,3.915,-53.774,s02
695,69.4,326.194,3.902,-53.984,s02
696,69.5,326.794,3.893,-54.220,s02
697,69.6,327.330,3.909,-54.414,s02
698,69.7,327.847,3.844,-54.690,s02
699,69.8,328.505,3.873,-54.876,s02
700,69.9,329.049,3.816,-55.073,s02
701,70.0,329.671,3.894,-55.311,s02
702,70.1,330.184,3.899,-55.581,s02
703,70.2,330.750,3.922,-55.746,s02
704,70.3,331.313,3.915,-55.913,s02
705,70.4,331.836,3.902,-56.059,s02
706,70.5,332.360,3.845,-56.267,s02
707,70.6,332.928,3.857,-56.375,s02
708,70.7,333.050,3.851,-56.486,s02
709,70.8,333.247,3.929,-56.607,s02
710,70.9,333.442,3.924,-56.696,s02
711,71.0,333.673,3.929,-56.697,s02
712,71.1,333.896,3.995,-56.824,s03
713,71.2,334.215,4.086,-56.948,s03
714,71.3,334.433,4.116,-57.040,s03
715,71.4,334.730,4.218,-57.132,s03
716,71.5,335.153,4.251,-57.294,s03
717,71.6,335.860,4.282,-57.461,s03
718,71.7,336.585,4.233,-57.654,s03
719,71.8,337.257,4.248,-57.875,s03
720,71.9,337.937,4.262,-58.169,s03
721,72.0,338.605,4.230,-58.357,s03
722,72.1,339.229,4.161,-58.544,s03
723,72.2,339.937,4.154,-58.681,s03
724,72.3,340.694,4.085,-58.899,s03
725,72.4,341.290,4.072,-59.070,s03
726,72.5,342.012,4.069,-59.338,s03
727,72.6,342.717,4.111,-59.543,s03
728,72.7,343.427,4.085,-59.765,s03
729,72.8,344.218,4.049,-59.884,s03
730,72.9,344.985,4.065,-60.085,s03
731,73.0,345.696,4.086,-60.280,s03
732,73.1,346.395,4.058,-60.574,s03
733,73.2,347.063,4.066,-60.759,s03
734,73.3,347.793,4.063,-60.941,s03
735,73.4,348.438,4.056,-61.094,s03
736,73.5,349.093,3.980,-61.278,s03
737,73.6,349.799,3.990,-61.393,s03
738,73.7,350.440,3.986,-61.608,s03
739,73.8,351.103,3.953,-61.771,s03
740,73.9,351.772,3.949,-61.982,s03
741,74.0,352.486,3.918,-62.122,s03
742,74.1,353.152,3.877,-62.351,s03
743,74.2,353.868,3.855,-62.556,s03
744,74.3,354.663,3.785,-62.763,s03
745,74.4,355.421,3.771,-62.932,s03
746,74.5,356.095,3.713,-63.207,s03
747,74.6,356.767,3.684,-63.361,s03
748,74.7,357.418,3.645,-63.639,s03
749,74.8,358.086,3.602,-63.821,s03
750,74.9,358.733,3.586,-64.039,s03
751,75.0,359.402,3.562,-64.210,s03
752,75.1,359.968,3.530,-64.374,s03
753,75.2,360.468,3.529,-64.507,s03
754,75.3,360.973,3.486,-64.713,s03
755,75.4,361.602,3.466,-64.787,s03
756,75.5,362.200,3.429,-64.974,s03
757,75.6,362.848,3.406,-65.114,s03
758,75.7,363.542,3.379,-65.286,s03
759,75.8,364.186,3.342,-65.418,s03
760,75.9,364.821,3.337,-65.582,s03
761,76.0,365.440,3.299,-65.768,s03
762,76.1,366.131,3.263,-65.973,s03
763,76.2,366.881,3.276,-66.139,s03
764,76.3,367.511,3.254,-66.317,s03
765,76.4,368.163,3.227,-66.486,s03
766,76.5,368.778,3.184,-66.654,s03
767,76.6,369.335,3.193,-66.868,s03
768,76.7,369.969,3.198,-67.071,s03
769,76.8,370.550,3.154,-67.205,s03
770,76.9,371.130,3.148,-67.414,s03
771,77.0,371.765,3.141,-67.607,s03
772,77.1,372.737,3.122,-67.899,s03
773,77.2,373.810,3.052,-68.136,s03
774,77.3,374.908,2.999,-68.385,s03
775,77.4,376.051,2.989,-68.552,s03
776,77.5,377.097,2.870,-68.614,s03
777,77.6,378.167,2.821,-68.819,s03
778,77.7,379.294,2.753,-69.040,s03
779,77.8,380.409,2.714,-69.147,s03
780,77.9,381.481,2.717,-69.337,s03
781,78.0,382.178,2.742,-69.352,s03
782,78.1,382.881,2.733,-69.463,s03
783,78.2,383.635,2.765,-69.581,s03
784,78.3,384.287,2.760,-69.750,s03
785,78.4,385.075,2.829,-69.934,s03
786,78.5,385.841,2.802,-70.096,s03
787,78.6,386.524,2.795,-70.196,s03
788,78.7,387.253,2.761,-70.457,s03
789,78.8,388.049,2.691,-70.590,s03
790,78.9,388.738,2.572,-70.832,s03
791,79.0,389.387,2.619,-71.127,s03
792,79.1,389.947,2.556,-71.361,s03
793,79.2,390.517,2.549,-71.562,s03
794,79.3,391.141,2.548,-71.922,s03
795,79.4,391.793,2.596,-72.142,s03
796,79.5,392.512,2.635,-72.430,s03
797,79.6,393.165,2.670,-72.602,s03
798,79.7,393.707,2.675,-72.802,s03
799,79.8,394.300,2.726,-73.001,s03
800,79.9,395.041,2.688,-73.110,s03
801,80.0,395.794,2.696,-73.279,s03
802,80.1,396.548,2.678,-73.518,s03
803,80.2,397.190,2.643,-73.628,s03
804,80.3,397.885,2.617,-73.869,s03
805,80.4,398.614,2.615,-74.047,s03
806,80.5,399.388,2.581,-74.282,s03
807,80.6,400.134,2.577,-74.565,s03
808,80.7,400.931,2.519,-74.804,s03
809,80.8,401.549,2.491,-75.052,s03
810,80.9,402.357,2.538,-75.180,s03
811,81.0,403.102,2.517,-75.297,s03
812,81.1,403.907,2.520,-75.497,s03
813,81.2,404.650,2.516,-75.621,s03
814,81.3,405.449,2.469,-75.841,s03
815,81.4,406.123,2.391,-75.873,s03
816,81.5,406.785,2.382,-75.973,s03
817,81.6,407.533,2.387,-76.079,s03
818,81.7,408.312,2.324,-76.203,s03
819,81.8,408.849,2.225,-76.416,s03
820,81.9,409.490,2.178,-76.629,s03
821,82.0,410.021,2.107,-76.739,s03
822,82.1,410.543,2.045,-76.969,s03
823,82.2,411.022,2.036,-77.242,s03
824,82.3,411.528,2.078,-77.647,s03
825,82.4,412.079,2.041,-77.910,s03
826,82.5,412.550,2.045,-78.276,s03
827,82.6,412.977,2.078,-78.591,s03
828,82.7,413.598,2.143,-78.898,s03
829,82.8,414.140,2.089,-79.089,s03
830,82.9,414.692,2.053,-79.441,s03
831,83.0,415.182,2.059,-79.666,s03
832,83.1,415.596,2.023,-79.811,s03
833,83.2,416.086,2.024,-79.953,s03
834,83.3,416.600,1.981,-80.133,s03
835,83.4,417.098,1.962,-80.172,s03
836,83.5,417.586,1.896,-80.232,s03
837,83.6,417.976,1.779,-80.309,s03
838,83.7,418.358,1.752,-80.522,s03
839,83.8,418.875,1.726,-80.577,s03
840,83.9,419.290,1.740,-80.716,s03
841,84.0,419.710,1.737,-80.749,s03
842,84.1,420.015,1.669,-80.834,s03
843,84.2,420.369,1.688,-80.940,s03
844,84.3,420.649,1.646,-81.167,s03
845,84.4,420.952,1.640,-81.267,s03
846,84.5,421.153,1.641,-81.404,s03
847,84.6,421.425,1.701,-81.542,s03
848,84.7,421.672,1.714,-81.672,s03
849,84.8,421.830,1.641,-81.677,s03
850,84.9,422.014,1.603,-81.865,s03
851,85.0,422.300,1.590,-81.953,s03
852,85.1,422.301,1.588,-82.037,s03
853,85.2,422.507,1.549,-82.011,s03
854,85.3,422.592,1.595,-82.242,s03
855,85.4,422.744,1.593,-82.291,s03
856,85.5,422.839,1.560,-82.337,s03
857,85.6,422.903,1.537,-82.402,s03
858,85.7,423.049,1.523,-82.508,s03
859,85.8,423.166,1.542,-82.554,s03
860,85.9,423.220,1.538,-82.620,s03
861,86.0,423.542,1.440,-82.575,s03
862,86.1,423.564,1.515,-82.669,s03
863,86.2,423.738,1.439,-82.604,s03
864,86.3,423.775,1.402,-82.674,s03
865,86.4,423.874,1.435,-82.754,s03
866,86.5,423.944,1.363,-82.717,s03
867,86.6,424.066,1.396,-82.732,s03
868,86.7,424.101,1.349,-82.718,s03
869,86.8,424.216,1.356,-82.718,s03
870,86.9,424.123,1.401,-82.832,s03
871,87.0,424.185,1.374,-82.858,s03
872,87.1,424.124,1.417,-82.938,s03
873,87.2,424.171,1.438,-82.891,s03
874,87.3,424.175,1.423,-82.879,s03
875,87.4,424.120,1.497,-82.963,s03
876,87.5,424.057,1.443,-82.983,s03
877,87.6,424.073,1.411,-82.965,s03
878,87.7,424.029,1.396,-83.046,s03
879,87.8,424.068,1.425,-83.072,s03
880,87.9,424.037,1.409,-83.055,s03
881,88.0,424.046,1.430,-83.076,s03
882,88.1,423.981,1.469,-83.160,s03
883,88.2,423.998,1.409,-83.074,s03
884,88.3,423.973,1.399,-83.110,s03
885,88.4,424.032,1.410,-83.105,s03
886,88.5,424.085,1.416,-83.157,s03
887,88.6,424.051,1.432,-83.097,s03
888,88.7,423.963,1.384,-83.093,s03
889,88.8,424.107,1.341,-83.085,s03
890,88.9,424.174,1.238,-82.984,s03
891,89.0,424.293,1.148,-82.939,s03
892,89.1,424.213,1.135,-82.963,s03
893,89.2,424.317,1.126,-82.902,s03
894,89.3,424.295,1.184,-83.024,s03
895,89.4,424.245,1.237,-83.007,s03
896,89.5,424.264,1.175,-82.978,s03
897,89.6,424.360,1.220,-83.001,s03
898,89.7,424.262,1.228,-82.975,s03
899,89.8,424.194,1.359,-83.015,s03
900,89.9,424.215,1.452,-83.139,s03
901,90.0,424.341,1.501,-83.182,s03
902,90.1,424.268,1.515,-83.169,s03
903,90.2,424.367,1.461,-83.112,s03
904,90.3,424.369,1.405,-83.114,s03
905,90.4,424.500,1.465,-83.174,s03
906,90.5,424.509,1.455,-83.142,s03
907,90.6,424.622,1.494,-83.219,s03
908,90.7,424.778,1.413,-83.239,s03
909,90.8,424.773,1.403,-83.135,s03
910,90.9,424.744,1.444,-83.194,s03
911,91.0,424.756,1.460,-83.288,s03
912,91.1,424.708,1.442,-83.321,s03
913,91.2,424.812,1.490,-83.336,s03
914,91.3,424.803,1.456,-83.340,s03
915,91.4,424.898,1.437,-83.360,s03
916,91.5,424.994,1.395,-83.422,s03
917,91.6,425.149,1.417,-83.486,s03
918,91.7,425.166,1.431,-83.594,s03
919,91.8,425.233,1.410,-83.591,s03
920,91.9,425.367,1.413,-83.592,s03
921,92.0,425.484,1.425,-83.524,s03
922,92.1,425.378,1.432,-83.565,s03
923,92.2,425.439,1.485,-83.615,s03
924,92.3,425.451,1.432,-83.603,s03
925,92.4,425.388,1.460,-83.602,s03
926,92.5,425.346,1.476,-83.600,s03
927,92.6,425.421,1.485,-83.597,s03
928,92.7,425.551,1.446,-83.622,s03
929,92.8,425.733,1.417,-83.666,s03
930,92.9,425.787,1.366,-83.758,s03
931,93.0,426.045,1.387,-83.837,s03
932,93.1,426.116,1.368,-83.940,s03
933,93.2,426.322,1.436,-83.980,s03
934,93.3,426.545,1.366,-83.932,s03
935,93.4,426.621,1.377,-83.961,s03
936,93.5,426.845,1.343,-83.983,s03
937,93.6,426.957,1.387,-84.026,s03
938,93.7,426.969,1.387,-84.153,s03
939,93.8,427.133,1.411,-84.228,s03
940,93.9,427.411,1.310,-84.213,s03
941,94.0,427.678,1.266,-84.141,s03
942,94.1,427.772,1.215,-84.244,s03
943,94.2,427.931,1.278,-84.341,s03
944,94.3,428.176,1.228,-84.537,s03
945,94.4,428.412,1.227,-84.683,s03
946,94.5,428.455,1.200,-84.706,s03
947,94.6,428.839,1.169,-84.571,s03
948,94.7,429.155,1.154,-84.585,s03
949,94.8,429.365,1.220,-84.702,s03
950,94.9,429.609,1.156,-84.937,s03
951,95.0,429.973,1.166,-85.009,s03
952,95.1,430.224,1.089,-85.106,s03
953,95.2,430.567,1.049,-84.955,s03
954,95.3,430.752,1.002,-85.056,s03
955,95.4,431.205,0.971,-85.136,s03
956,95.5,431.273,0.976,-85.346,s03
957,95.6,431.351,1.002,-85.380,s03
958,95.7,431.543,0.923,-85.437,s03
959,95.8,431.789,0.987,-85.398,s03
960,95.9,431.890,0.967,-85.584,s03
961,96.0,432.040,1.012,-85.600,s03
962,96.1,432.161,1.066,-85.878,s03
963,96.2,432.406,1.090,-85.776,s03
964,96.3,432.569,1.076,-85.907,s03
965,96.4,432.788,1.099,-85.921,s03
966,96.5,433.178,1.096,-86.131,s03
967,96.6,433.443,1.166,-86.207,s03
968,96.7,433.592,1.115,-86.252,s03
969,96.8,433.835,1.122,-86.178,s03
970,96.9,434.066,1.132,-86.367,s03
971,97.0,434.334,1.081,-86.328,s03
972,97.1,434.579,1.037,-86.519,s03
973,97.2,434.879,1.058,-86.570,s03
974,97.3,435.142,1.015,-86.638,s03
975,97.4,435.282,0.997,-86.626,s03
976,97.5,435.409,1.020,-86.801,s03
977,97.6,435.699,1.087,-86.927,s03
978,97.7,435.989,1.131,-87.155,s03
979,97.8,436.266,1.134,-87.133,s03
980,97.9,436.414,1.140,-87.258,s03
981,98.0,436.626,1.133,-87.312,s03
982,98.1,436.799,1.075,-87.418,s03
983,98.2,437.117,1.126,-87.611,s03
984,98.3,437.310,1.112,-87.723,s03
985,98.4,437.587,1.063,-87.647,s03
986,98.5,437.855,1.044,-87.733,s03
987,98.6,438.177,0.992,-87.685,s03
988,98.7,438.489,1.008,-87.873,s03
989,98.8,438.825,1.066,-87.947,s03
990,98.9,439.226,1.025,-88.031,s03
991,99.0,439.637,1.084,-88.064,s03
992,99.1,440.130,1.005,-88.101,s03
993,99.2,440.560,0.984,-88.193,s03
994,99.3,440.891,0.963,-88.300,s03
995,99.4,441.140,0.969,-88.420,s03
996,99.5,441.455,0.911,-88.606,s03
997,99.6,441.709,0.833,-88.708,s03
998,99.7,442.200,0.802,-88.948,s03
999,99.8,442.488,0.868,-89.041,s03
1000,99.9,442.879,0.824,-89.316,s03
1001,100.0,442.983,0.808,-89.451,s03
1002,100.1,443.266,0.826,-89.638,s03
1003,100.2,443.567,0.802,-89.804,s03
1004,100.3,443.976,0.754,-89.985,s03
1005,100.4,444.311,0.749,-89.974,s03
1006,100.5,444.591,0.708,-90.030,s03
1007,100.6,444.830,0.621,-90.007,s03
1008,100.7,445.140,0.548,-90.169,s03
1009,100.8,445.404,0.472,-90.098,s03
1010,100.9,445.843,0.452,-90.230,s03
1011,101.0,446.257,0.401,-90.270,s03
1012,101.1,446.703,0.362,-90.495,s03
1013,101.2,447.071,0.339,-90.524,s03
1014,101.3,447.407,0.375,-90.812,s03
1015,101.4,447.964,0.371,-90.951,s03
1016,101.5,448.307,0.403,-91.213,s03
1017,101.6,448.762,0.421,-91.267,s03
1018,101.7,449.246,0.512,-91.578,s03
1019,101.8,449.793,0.524,-91.651,s03
1020,101.9,450.354,0.507,-91.916,s03
1021,102.0,450.945,0.502,-92.024,s03
1022,102.1,451.445,0.562,-92.254,s03
1023,102.2,452.108,0.557,-92.333,s03
1024,102.3,452.602,0.594,-92.597,s03
1025,102.4,453.148,0.548,-92.600,s03
1026,102.5,453.633,0.551,-92.853,s03
1027,102.6,454.129,0.456,-92.908,s03
1028,102.7,454.395,0.426,-93.123,s03
1029,102.8,454.761,0.409,-93.118,s03
1030,102.9,455.059,0.390,-93.320,s03
1031,103.0,455.415,0.344,-93.389,s03
1032,103.1,455.613,0.273,-93.560,s03
1033,103.2,455.959,0.205,-93.573,s03
1034,103.3,456.249,0.191,-93.833,s03
1035,103.4,456.619,0.144,-93.869,s03
1036,103.5,456.816,0.130,-93.982,s03
1037,103.6,457.219,0.138,-94.026,s03
1038,103.7,457.488,0.085,-94.191,s03
1039,103.8,457.788,0.067,-94.170,s03
1040,103.9,458.201,-0.020,-94.282,s03
1041,104.0,458.649,-0.002,-94.307,s03
1042,104.1,459.056,-0.007,-94.485,s03
1043,104.2,459.511,-0.014,-94.518,s03
1044,104.3,459.929,-0.031,-94.744,s03
1045,104.4,460.512,-0.023,-94.915,s03
1046,104.5,460.961,-0.023,-95.180,s03
1047,104.6,461.477,0.061,-95.365,s03
1048,104.7,461.909,0.059,-95.571,s03
1049,104.8,462.438,0.114,-95.796,s03
1050,104.9,462.949,0.105,-96.106,s03
1051,105.0,463.504,0.107,-96.248,s03
1052,105.1,463.979,0.128,-96.435,s03
1053,105.2,464.401,0.103,-96.542,s03
1054,105.3,464.719,0.116,-96.710,s03
1055,105.4,465.138,0.112,-96.832,s03
1056,105.5,465.404,0.088,-96.970,s03
1057,105.6,465.878,0.130,-97.174,s03
1058,105.7,466.126,0.152,-97.312,s03
1059,105.8,466.440,0.194,-97.403,s03
1060,105.9,466.638,0.179,-97.638,s03
1061,106.0,467.032,0.151,-97.783,s03
1062,106.1,467.448,0.153,-98.071,s03
1063,106.2,467.901,0.140,-98.256,s03
1064,106.3,467.961,0.123,-98.286,s03
1065,106.4,468.122,0.153,-98.331,s03
1066,106.5,468.240,0.134,-98.305,s03
1067,106.6,468.442,0.136,-98.373,s03
1068,106.7,468.639,0.100,-98.500,s04
1069,106.8,468.876,0.167,-98.485,s04
1070,106.9,468.953,0.190,-98.532,s04
1071,107.0,469.135,0.229,-98.527,s04
1072,107.1,469.348,0.232,-98.604,s04
1073,107.2,469.982,0.255,-98.781,s04
1074,107.3,470.596,0.190,-98.972,s04
1075,107.4,471.275,0.156,-99.143,s04
1076,107.5,471.922,0.067,-99.269,s04
1077,107.6,472.498,0.053,-99.362,s04
1078,107.7,473.053,-0.038,-99.508,s04
1079,107.8,473.694,-0.057,-99.696,s04
1080,107.9,474.156,-0.086,-99.840,s04
1081,108.0,474.711,-0.073,-99.923,s04
1082,108.1,475.253,-0.121,-100.097,s04
1083,108.2,475.780,-0.061,-100.317,s04
1084,108.3,476.208,-0.004,-100.514,s04
1085,108.4,476.703,0.045,-100.714,s04
1086,108.5,477.231,0.026,-100.949,s04
1087,108.6,477.842,0.104,-101.183,s04
1088,108.7,478.286,0.086,-101.382,s04
1089,108.8,478.940,0.120,-101.536,s04
1090,108.9,479.482,0.089,-101.852,s04
1091,109.0,480.020,0.144,-102.035,s04
1092,109.1,480.698,0.055,-102.203,s04
1093,109.2,481.346,-0.010,-102.410,s04
1094,109.3,481.831,-0.079,-102.620,s04
1095,109.4,482.455,-0.055,-102.770,s04
1096,109.5,482.917,-0.119,-102.940,s04
1097,109.6,483.531,-0.056,-103.067,s04
1098,109.7,483.976,-0.038,-103.208,s04
1099,109.8,484.573,-0.016,-103.268,s04
1100,109.9,485.100,-0.088,-103.370,s04
1101,110.0,485.585,-0.025,-103.513,s04
1102,110.1,486.000,-0.057,-103.654,s04
1103,110.2,486.554,-0.034,-103.781,s04
1104,110.3,487.054,-0.128,-103.870,s04
1105,110.4,487.665,-0.119,-103.940,s04
1106,110.5,488.127,-0.198,-104.181,s04
1107,110.6,488.741,-0.309,-104.359,s04
1108,110.7,489.136,-0.402,-104.661,s04
1109,110.8,489.565,-0.389,-104.813,s04
1110,110.9,489.930,-0.471,-104.967,s04
1111,111.0,490.493,-0.427,-105.146,s04
1112,111.1,490.938,-0.467,-105.268,s04
1113,111.2,491.436,-0.431,-105.513,s04
1114,111.3,491.881,-0.499,-105.795,s04
1115,111.4,492.427,-0.553,-105.848,s04
1116,111.5,492.879,-0.603,-106.053,s04
1117,111.6,493.462,-0.559,-106.058,s04
1118,111.7,494.041,-0.643,-106.322,s04
1119,111.8,494.638,-0.718,-106.445,s04
1120,111.9,495.072,-0.766,-106.650,s04
1121,112.0,495.660,-0.754,-106.808,s04
1122,112.1,496.160,-0.876,-106.961,s04
1123,112.2,496.769,-0.907,-107.069,s04
1124,112.3,497.355,-0.929,-107.397,s04
1125,112.4,497.838,-0.889,-107.617,s04
1126,112.5,498.395,-0.998,-107.842,s04
1127,112.6,498.927,-0.941,-107.991,s04
1128,112.7,499.734,-0.982,-108.366,s04
1129,112.8,500.639,-1.052,-108.593,s04
1130,112.9,501.389,-1.105,-108.888,s04
1131,113.0,502.099,-1.112,-109.121,s04
1132,113.1,502.884,-1.093,-109.512,s04
1133,113.2,503.727,-1.113,-109.620,s04
1134,113.3,504.552,-1.240,-109.730,s04
1135,113.4,505.359,-1.146,-109.962,s04
1136,113.5,506.235,-1.167,-110.394,s04
1137,113.6,506.860,-1.032,-110.521,s04
1138,113.7,507.390,-0.922,-110.736,s04
1139,113.8,508.080,-0.866,-111.002,s04
1140,113.9,508.666,-0.757,-111.194,s04
1141,114.0,509.130,-0.769,-111.237,s04
1142,114.1,509.488,-0.706,-111.552,s04
1143,114.2,510.180,-0.538,-111.903,s04
1144,114.3,510.846,-0.633,-112.217,s04
1145,114.4,511.453,-0.695,-112.295,s04
1146,114.5,512.080,-0.755,-112.650,s04
1147,114.6,512.730,-0.797,-112.824,s04
1148,114.7,513.400,-0.828,-112.981,s04
1149,114.8,514.062,-0.833,-113.351,s04
1150,114.9,514.824,-0.999,-113.668,s04
1151,115.0,515.814,-1.118,-113.860,s04
1152,115.1,516.486,-1.222,-114.089,s04
1153,115.2,517.097,-1.215,-114.307,s04
1154,115.3,517.701,-1.318,-114.442,s04
1155,115.4,518.251,-1.325,-114.586,s04
1156,115.5,518.889,-1.353,-115.100,s04
1157,115.6,519.543,-1.431,-115.270,s04
1158,115.7,520.334,-1.551,-115.325,s04
1159,115.8,521.043,-1.304,-115.570,s04
1160,115.9,521.544,-1.330,-115.897,s04
1161,116.0,522.193,-1.295,-116.261,s04
1162,116.1,523.028,-1.336,-116.456,s04
1163,116.2,523.926,-1.214,-116.810,s04
1164,116.3,524.679,-1.291,-117.002,s04
1165,116.4,525.479,-1.335,-117.160,s04
1166,116.5,526.184,-1.508,-117.541,s04
1167,116.6,526.880,-1.506,-117.914,s04
1168,116.7,527.441,-1.617,-118.216,s04
1169,116.8,528.271,-1.490,-118.493,s04
1170,116.9,529.010,-1.623,-118.556,s04
1171,117.0,529.388,-1.540,-118.809,s04
1172,117.1,529.771,-1.566,-119.010,s04
1173,117.2,530.444,-1.544,-119.303,s04
1174,117.3,531.080,-1.473,-119.425,s04
1175,117.4,531.728,-1.252,-119.758,s04
1176,117.5,532.285,-1.194,-119.914,s04
1177,117.6,532.954,-1.137,-120.116,s04
1178,117.7,533.619,-1.174,-120.176,s04
1179,117.8,534.318,-1.113,-120.354,s04
1180,117.9,535.134,-1.126,-120.582,s04
1181,118.0,535.853,-1.137,-120.764,s04
1182,118.1,536.510,-1.012,-120.956,s04
1183,118.2,536.978,-1.013,-121.187,s04
1184,118.3,537.468,-1.021,-121.317,s04
1185,118.4,537.968,-1.035,-121.619,s04
1186,118.5,538.579,-1.086,-121.693,s04
1187,118.6,538.871,-1.110,-121.991,s04
1188,118.7,539.376,-1.023,-122.373,s04
1189,118.8,539.721,-1.043,-122.627,s04
1190,118.9,540.317,-1.082,-122.838,s04
1191,119.0,540.858,-1.175,-123.070,s04
1192,119.1,541.629,-1.281,-123.275,s04
1193,119.2,542.329,-1.384,-123.476,s04
1194,119.3,542.985,-1.443,-123.605,s04
1195,119.4,543.627,-1.528,-124.012,s04
1196,119.5,544.276,-1.519,-124.130,s04
1197,119.6,544.815,-1.578,-124.351,s04
1198,119.7,545.580,-1.658,-124.618,s04
1199,119.8,546.128,-1.642,-124.985,s04
1200,119.9,546.682,-1.628,-125.292,s04
1201,120.0,547.126,-1.627,-125.702,s04
1202,120.1,547.478,-1.539,-125.993,s04
1203,120.2,548.113,-1.486,-126.509,s04
1204,120.3,548.620,-1.419,-126.799,s04
1205,120.4,549.179,-1.398,-127.146,s04
1206,120.5,549.634,-1.476,-127.392,s04
1207,120.6,549.985,-1.416,-127.636,s04
1208,120.7,550.401,-1.390,-128.009,s04
1209,120.8,550.868,-1.462,-128.334,s04
1210,120.9,551.282,-1.325,-128.497,s04
1211,121.0,551.856,-1.239,-128.768,s04
1212,121.1,552.301,-1.201,-129.054,s04
1213,121.2,552.703,-1.201,-129.300,s04
1214,121.3,553.121,-1.215,-129.767,s04
1215,121.4,553.626,-1.107,-130.200,s04
1216,121.5,554.188,-1.081,-130.632,s04
1217,121.6,554.719,-1.078,-130.874,s04
1218,121.7,555.114,-0.904,-131.199,s04
1219,121.8,555.650,-1.043,-131.544,s04
1220,121.9,556.129,-1.110,-132.090,s04
1221,122.0,556.518,-1.140,-132.429,s04
1222,122.1,556.784,-1.130,-132.896,s04
1223,122.2,557.411,-1.151,-133.249,s04
1224,122.3,557.783,-1.229,-133.571,s04
1225,122.4,558.223,-1.303,-133.895,s04
1226,122.5,558.604,-1.375,-134.456,s04
1227,122.6,559.183,-1.443,-135.098,s04
1228,122.7,559.502,-1.440,-135.582,s04
1229,122.8,559.933,-1.398,-136.049,s04
1230,122.9,560.356,-1.529,-136.572,s04
1231,123.0,560.964,-1.586,-137.094,s04
1232,123.1,561.374,-1.619,-137.582,s04
1233,123.2,561.867,-1.717,-138.079,s04
1234,123.3,562.438,-1.648,-138.638,s04
1235,123.4,562.931,-1.640,-138.981,s04
1236,123.5,563.144,-1.754,-139.302,s04
1237,123.6,563.623,-1.777,-139.796,s04
1238,123.7,564.154,-1.924,-140.314,s04
1239,123.8,564.704,-1.815,-141.016,s04
1240,123.9,565.198,-1.882,-141.649,s04
1241,124.0,565.543,-1.795,-142.201,s04
1242,124.1,566.061,-1.585,-142.876,s04
1243,124.2,566.508,-1.516,-143.429,s04
1244,124.3,566.920,-1.403,-144.049,s04
1245,124.4,567.593,-1.361,-144.610,s04
1246,124.5,568.256,-1.300,-145.116,s04
1247,124.6,568.747,-1.208,-145.677,s04
1248,124.7,569.174,-1.186,-145.810,s04
1249,124.8,569.732,-1.077,-146.150,s04
1250,124.9,570.211,-1.141,-146.567,s04
1251,125.0,570.744,-1.180,-147.064,s04
1252,125.1,571.121,-1.188,-147.498,s04
1253,125.2,571.628,-1.245,-148.039,s04
1254,125.3,572.181,-1.155,-148.545,s04
1255,125.4,572.639,-1.274,-149.126,s04
1256,125.5,573.305,-1.345,-149.529,s04
1257,125.6,573.955,-1.329,-150.201,s04
1258,125.7,574.470,-1.424,-150.746,s04
1259,125.8,575.112,-1.459,-151.421,s04
1260,125.9,575.660,-1.656,-151.834,s04
1261,126.0,576.438,-1.787,-152.478,s04
1262,126.1,577.175,-1.783,-153.150,s04
1263,126.2,577.738,-1.868,-153.759,s04
1264,126.3,578.188,-1.776,-154.377,s04
1265,126.4,578.725,-1.841,-155.079,s04
1266,126.5,579.274,-1.948,-155.747,s04
1267,126.6,580.004,-2.054,-156.324,s04
1268,126.7,580.588,-2.082,-156.833,s04
1269,126.8,581.195,-1.969,-157.497,s04
1270,126.9,581.615,-1.950,-158.078,s04
1271,127.0,582.199,-2.041,-158.587,s04
1272,127.1,582.740,-2.242,-159.233,s04
1273,127.2,583.479,-2.315,-159.762,s04
1274,127.3,583.867,-2.292,-160.096,s04
1275,127.4,584.412,-2.202,-160.737,s04
1276,127.5,584.896,-2.037,-161.431,s04
1277,127.6,585.430,-1.873,-162.237,s04
1278,127.7,585.939,-1.824,-162.864,s04
1279,127.8,586.496,-1.824,-163.379,s04
1280,127.9,587.014,-1.849,-164.057,s04
1281,128.0,587.391,-1.647,-164.548,s04
1282,128.1,587.633,-1.589,-165.061,s04
1283,128.2,588.195,-1.566,-165.816,s04
1284,128.3,588.690,-1.689,-166.237,s04
1285,128.4,588.962,-1.738,-166.764,s04
1286,128.5,589.554,-1.942,-167.053,s04
1287,128.6,590.249,-2.083,-167.723,s04
1288,128.7,590.777,-2.160,-168.346,s04
1289,128.8,591.317,-2.108,-168.734,s04
1290,128.9,591.875,-2.236,-169.285,s04
1291,129.0,592.762,-2.228,-170.098,s04
1292,129.1,593.302,-2.327,-170.608,s04
1293,129.2,593.974,-2.273,-171.156,s04
1294,129.3,594.779,-2.323,-171.948,s04
1295,129.4,595.421,-2.319,-172.736,s04
1296,129.5,595.842,-2.240,-173.168,s04
1297,129.6,596.509,-2.279,-173.947,s04
1298,129.7,597.147,-2.363,-174.668,s04
1299,129.8,597.936,-2.310,-175.453,s04
1300,129.9,598.244,-2.370,-175.841,s04
1301,130.0,598.766,-2.370,-176.377,s04
1302,130.1,599.010,-2.371,-176.997,s04
1303,130.2,599.561,-2.275,-177.449,s04
1304,130.3,599.905,-2.299,-177.908,s04
1305,130.4,600.513,-2.242,-178.617,s04
1306,130.5,600.853,-2.235,-179.094,s04
1307,130.6,601.219,-2.160,-179.641,s04
1308,130.7,601.581,-2.121,-180.071,s04
1309,130.8,602.293,-2.152,-180.871,s04
1310,130.9,602.740,-2.063,-181.575,s04
1311,131.0,603.410,-2.031,-182.303,s04
1312,131.1,603.854,-2.110,-182.926,s04
1313,131.2,604.452,-2.141,-183.691,s04
1314,131.3,604.789,-2.240,-184.136,s04
1315,131.4,605.385,-2.084,-184.729,s04
1316,131.5,605.847,-2.079,-185.223,s04
1317,131.6,606.458,-2.104,-185.905,s04
1318,131.7,606.854,-2.103,-186.247,s04
1319,131.8,607.500,-2.103,-186.847,s04
1320,131.9,608.024,-2.185,-187.419,s04
1321,132.0,608.580,-2.179,-187.735,s04
1322,132.1,609.024,-2.079,-188.210,s04
1323,132.2,609.622,-2.120,-188.816,s04
1324,132.3,610.107,-2.286,-189.254,s04
1325,132.4,610.762,-2.348,-189.805,s04
1326,132.5,611.100,-2.435,-190.162,s04
1327,132.6,611.629,-2.436,-190.604,s04
1328,132.7,611.994,-2.464,-190.969,s04
1329,132.8,612.637,-2.337,-191.390,s04
1330,132.9,613.110,-2.275,-192.015,s04
1331,133.0,613.779,-2.266,-192.565,s04
1332,133.1,614.287,-2.217,-193.080,s04
1333,133.2,614.905,-2.146,-193.673,s04
1334,133.3,615.344,-2.130,-194.123,s04
1335,133.4,616.072,-2.087,-194.637,s04
1336,133.5,616.660,-1.996,-195.283,s04
1337,133.6,617.263,-2.009,-195.712,s04
1338,133.7,617.722,-2.150,-196.028,s04
1339,133.8,618.359,-2.192,-196.322,s04
1340,133.9,618.828,-2.323,-196.579,s04
1341,134.0,619.533,-2.310,-196.934,s04
1342,134.1,620.088,-2.335,-197.151,s04
1343,134.2,620.740,-2.293,-197.435,s04
1344,134.3,621.159,-2.210,-197.583,s04
1345,134.4,621.698,-2.301,-197.874,s04
1346,134.5,622.363,-2.217,-198.350,s04
1347,134.6,622.903,-2.133,-198.683,s04
1348,134.7,623.323,-2.100,-198.916,s04
1349,134.8,623.954,-2.021,-199.213,s04
1350,134.9,624.328,-2.047,-199.322,s04
1351,135.0,625.151,-2.053,-199.797,s04
1352,135.1,625.759,-2.139,-200.121,s04
1353,135.2,626.603,-2.227,-200.541,s04
1354,135.3,627.363,-2.138,-200.848,s04
1355,135.4,628.138,-2.171,-201.121,s04
1356,135.5,628.802,-2.211,-201.508,s04
1357,135.6,629.762,-2.206,-201.913,s04
1358,135.7,630.472,-2.270,-202.203,s04
1359,135.8,631.435,-2.182,-202.520,s04
1360,135.9,631.876,-2.151,-202.579,s04
1361,136.0,632.546,-2.051,-202.761,s04
1362,136.1,633.197,-2.085,-202.979,s04
1363,136.2,633.847,-2.073,-202.904,s04
1364,136.3,634.354,-2.126,-202.877,s04
1365,136.4,635.050,-2.143,-202.798,s04
1366,136.5,635.533,-2.232,-202.909,s04
1367,136.6,636.262,-2.158,-202.973,s04
1368,136.7,636.773,-2.318,-203.119,s04
1369,136.8,637.369,-2.308,-203.232,s04
1370,136.9,637.919,-2.328,-203.505,s04
1371,137.0,638.579,-2.221,-203.664,s04
1372,137.1,639.262,-2.304,-203.988,s04
1373,137.2,639.871,-2.342,-204.143,s04
1374,137.3,640.487,-2.309,-204.377,s04
1375,137.4,641.303,-2.306,-204.552,s04
1376,137.5,641.917,-2.313,-204.601,s04
1377,137.6,642.551,-2.245,-204.780,s04
1378,137.7,643.127,-2.260,-204.902,s04
1379,137.8,643.877,-2.267,-204.841,s04
1380,137.9,644.349,-2.315,-205.007,s04
1381,138.0,644.952,-2.314,-205.007,s04
1382,138.1,645.635,-2.259,-205.182,s04
1383,138.2,646.495,-2.339,-205.185,s04
1384,138.3,646.960,-2.296,-205.125,s04
1385,138.4,647.524,-2.291,-205.334,s04
1386,138.5,648.259,-2.272,-205.389,s04
1387,138.6,649.183,-2.264,-205.533,s04
1388,138.7,649.778,-2.263,-205.692,s04
1389,138.8,650.598,-2.273,-205.593,s04
1390,138.9,651.334,-2.269,-205.734,s04
1391,139.0,652.219,-2.259,-205.699,s04
1392,139.1,652.747,-2.220,-206.015,s04
1393,139.2,653.527,-2.277,-206.090,s04
1394,139.3,654.307,-2.282,-206.096,s04
1395,139.4,654.895,-2.322,-206.074,s04
1396,139.5,655.355,-2.303,-206.029,s04
1397,139.6,656.211,-2.304,-206.164,s04
1398,139.7,656.925,-2.244,-206.372,s04
1399,139.8,657.682,-2.250,-206.499,s04
1400,139.9,658.571,-2.302,-206.757,s04
1401,140.0,659.792,-2.257,-206.849,s04
1402,140.1,660.599,-2.219,-207.193,s04
1403,140.2,661.425,-2.286,-207.429,s04
1404,140.3,662.203,-2.227,-207.716,s04
1405,140.4,663.332,-2.256,-207.904,s04
1406,140.5,664.001,-2.277,-208.009,s04
1407,140.6,664.847,-2.330,-208.071,s04
1408,140.7,665.612,-2.353,-208.272,s04
1409,140.8,666.192,-2.285,-208.305,s04
1410,140.9,666.812,-2.252,-208.286,s04
1411,141.0,667.841,-2.251,-208.124,s04
1412,141.1,668.492,-2.191,-208.116,s04
1413,141.2,669.449,-2.165,-208.091,s04
1414,141.3,670.078,-2.097,-208.319,s04
1415,141.4,670.953,-2.126,-208.352,s04
1416,141.5,671.608,-2.229,-208.408,s04
1417,141.6,672.432,-2.206,-208.399,s04
1418,141.7,673.356,-2.326,-208.559,s04
1419,141.8,674.028,-2.332,-208.778,s04
1420,141.9,674.510,-2.322,-209.198,s04
1421,142.0,675.230,-2.307,-209.332,s04
1422,142.1,675.767,-2.337,-209.649,s04
1423,142.2,676.306,-2.427,-209.641,s04
1424,142.3,676.818,-2.365,-209.861,s05
1425,142.4,677.392,-2.218,-209.938,s05
1426,142.5,677.814,-2.245,-210.080,s05
1427,142.6,678.151,-2.133,-210.149,s05
1428,142.7,678.536,-2.154,-210.159,s05
1429,142.8,678.958,-2.118,-210.086,s05
1430,142.9,679.545,-2.107,-210.139,s05
1431,143.0,680.150,-2.081,-210.015,s05
1432,143.1,680.745,-2.055,-210.037,s05
1433,143.2,681.362,-2.097,-209.980,s05
1434,143.3,681.927,-2.140,-210.040,s05
1435,143.4,682.454,-2.155,-210.028,s05
1436,143.5,682.972,-2.201,-209.973,s05
1437,143.6,683.380,-2.256,-209.892,s05
1438,143.7,683.861,-2.355,-209.820,s05
1439,143.8,684.344,-2.372,-209.754,s05
1440,143.9,684.767,-2.419,-209.811,s05
1441,144.0,685.293,-2.405,-209.784,s05
1442,144.1,685.843,-2.407,-209.912,s05
1443,144.2,686.464,-2.381,-209.972,s05
1444,144.3,687.054,-2.404,-210.018,s05
1445,144.4,687.670,-2.359,-210.083,s05
1446,144.5,688.335,-2.377,-210.087,s05
1447,144.6,689.036,-2.310,-210.158,s05
1448,144.7,689.596,-2.320,-210.277,s05
1449,144.8,690.248,-2.346,-210.280,s05
1450,144.9,690.788,-2.413,-210.379,s05
1451,145.0,691.385,-2.415,-210.314,s05
1452,145.1,691.894,-2.462,-210.323,s05
1453,145.2,692.372,-2.428,-210.336,s05
1454,145.3,692.862,-2.495,-210.351,s05
1455,145.4,693.453,-2.480,-210.476,s05
1456,145.5,693.939,-2.558,-210.516,s05
1457,145.6,694.579,-2.568,-210.503,s05
1458,145.7,695.048,-2.611,-210.579,s05
1459,145.8,695.594,-2.645,-210.563,s05
1460,145.9,696.101,-2.640,-210.569,s05
1461,146.0,696.775,-2.671,-210.620,s05
1462,146.1,697.399,-2.664,-210.657,s05
1463,146.2,698.009,-2.669,-210.706,s05
1464,146.3,698.476,-2.663,-210.689,s05
1465,146.4,699.079,-2.612,-210.747,s05
1466,146.5,699.665,-2.658,-210.833,s05
1467,146.6,700.345,-2.660,-210.866,s05
1468,146.7,701.029,-2.600,-211.020,s05
1469,146.8,701.649,-2.637,-211.195,s05
1470,146.9,702.141,-2.662,-211.277,s05
1471,147.0,702.787,-2.686,-211.441,s05
1472,147.1,703.329,-2.668,-211.468,s05
1473,147.2,703.984,-2.721,-211.520,s05
1474,147.3,704.469,-2.757,-211.564,s05
1475,147.4,704.905,-2.715,-211.602,s05
1476,147.5,705.320,-2.648,-211.625,s05
1477,147.6,705.832,-2.608,-211.604,s05
1478,147.7,706.331,-2.611,-211.649,s05
1479,147.8,706.997,-2.510,-211.696,s05
1480,147.9,707.519,-2.477,-211.694,s05
1481,148.0,708.120,-2.506,-211.731,s05
1482,148.1,708.676,-2.490,-211.770,s05
1483,148.2,709.359,-2.468,-211.836,s05
1484,148.3,710.126,-2.427,-211.628,s05
1485,148.4,711.003,-2.382,-211.417,s05
1486,148.5,711.780,-2.449,-211.069,s05
1487,148.6,712.570,-2.456,-210.779,s05
1488,148.7,713.225,-2.586,-210.602,s05
1489,148.8,714.120,-2.480,-210.373,s05
1490,148.9,714.867,-2.425,-210.114,s05
1491,149.0,715.674,-2.262,-209.974,s05
1492,149.1,716.382,-2.123,-209.706,s05
1493,149.2,717.082,-2.045,-209.655,s05
1494,149.3,717.799,-1.973,-209.653,s05
1495,149.4,718.442,-1.816,-209.817,s05
1496,149.5,719.134,-1.822,-209.732,s05
1497,149.6,719.862,-1.685,-209.755,s05
1498,149.7,720.353,-1.777,-209.689,s05
1499,149.8,721.188,-1.665,-209.728,s05
1500,149.9,721.748,-1.764,-209.617,s05
1501,150.0,722.421,-1.858,-209.606,s05
1502,150.1,722.931,-1.936,-209.690,s05
1503,150.2,723.424,-1.897,-209.687,s05
1504,150.3,724.143,-1.975,-209.568,s05
1505,150.4,724.774,-1.788,-209.531,s05
1506,150.5,725.491,-1.872,-209.397,s05
1507,150.6,726.094,-1.804,-209.376,s05
1508,150.7,726.494,-1.837,-209.295,s05
1509,150.8,727.205,-1.716,-209.239,s05
1510,150.9,727.895,-1.712,-208.973,s05
1511,151.0,728.572,-1.711,-208.776,s05
1512,151.1,729.471,-1.710,-208.544,s05
1513,151.2,730.060,-1.737,-208.395,s05
1514,151.3,730.711,-1.884,-208.359,s05
1515,151.4,731.188,-1.748,-208.235,s05
1516,151.5,732.008,-1.769,-207.953,s05
1517,151.6,732.777,-1.838,-207.807,s05
1518,151.7,733.492,-1.975,-207.674,s05
1519,151.8,734.186,-1.952,-207.663,s05
1520,151.9,734.983,-1.899,-207.433,s05
1521,152.0,735.578,-2.026,-207.349,s05
1522,152.1,736.340,-1.984,-207.234,s05
1523,152.2,736.983,-1.938,-207.028,s05
1524,152.3,737.764,-2.075,-206.763,s05
1525,152.4,738.300,-2.019,-206.594,s05
1526,152.5,738.760,-2.047,-206.484,s05
1527,152.6,739.387,-1.934,-206.201,s05
1528,152.7,740.193,-1.904,-205.960,s05
1529,152.8,740.854,-1.955,-205.799,s05
1530,152.9,741.327,-1.872,-205.439,s05
1531,153.0,741.891,-1.874,-205.121,s05
1532,153.1,742.561,-1.831,-204.791,s05
1533,153.2,743.129,-1.678,-204.604,s05
1534,153.3,743.793,-1.792,-204.417,s05
1535,153.4,744.634,-1.658,-204.050,s05
1536,153.5,745.224,-1.789,-204.028,s05
1537,153.6,745.659,-1.812,-203.890,s05
1538,153.7,746.238,-1.803,-203.686,s05
1539,153.8,746.823,-1.899,-203.592,s05
1540,153.9,747.391,-1.935,-203.449,s05
1541,154.0,747.930,-1.895,-203.406,s05
1542,154.1,748.579,-1.906,-203.264,s05
1543,154.2,749.261,-1.922,-203.127,s05
1544,154.3,749.997,-1.964,-202.983,s05
1545,154.4,750.550,-1.925,-202.675,s05
1546,154.5,751.254,-1.965,-202.484,s05
1547,154.6,751.831,-2.006,-202.260,s05
1548,154.7,752.440,-2.092,-202.194,s05
1549,154.8,752.945,-1.987,-202.127,s05
1550,154.9,753.507,-2.154,-201.835,s05
1551,155.0,754.020,-2.195,-201.618,s05
1552,155.1,754.516,-2.095,-201.501,s05
1553,155.2,755.038,-2.125,-201.398,s05
1554,155.3,755.785,-2.041,-201.435,s05
1555,155.4,756.322,-2.000,-201.300,s05
1556,155.5,756.944,-1.920,-201.402,s05
1557,155.6,757.651,-1.756,-201.219,s05
1558,155.7,758.270,-1.799,-201.132,s05
1559,155.8,759.087,-1.647,-201.100,s05
1560,155.9,759.644,-1.644,-201.006,s05
1561,156.0,760.215,-1.633,-200.792,s05
1562,156.1,760.566,-1.547,-200.768,s05
1563,156.2,761.149,-1.505,-200.413,s05
1564,156.3,761.591,-1.454,-200.320,s05
1565,156.4,762.112,-1.382,-200.039,s05
1566,156.5,762.433,-1.332,-199.959,s05
1567,156.6,763.031,-1.254,-199.756,s05
1568,156.7,763.331,-1.304,-199.619,s05
1569,156.8,763.984,-1.297,-199.507,s05
1570,156.9,764.702,-1.377,-199.360,s05
1571,157.0,765.484,-1.345,-199.199,s05
1572,157.1,765.975,-1.549,-199.097,s05
1573,157.2,766.691,-1.516,-198.933,s05
1574,157.3,767.404,-1.480,-198.737,s05
1575,157.4,768.117,-1.514,-198.629,s05
1576,157.5,768.815,-1.722,-198.483,s05
1577,157.6,769.503,-1.668,-198.295,s05
1578,157.7,770.070,-1.612,-198.036,s05
1579,157.8,770.566,-1.597,-197.894,s05
1580,157.9,771.031,-1.667,-197.568,s05
1581,158.0,771.648,-1.523,-197.340,s05
1582,158.1,772.061,-1.592,-197.098,s05
1583,158.2,772.688,-1.636,-196.788,s05
1584,158.3,773.262,-1.510,-196.289,s05
1585,158.4,773.815,-1.325,-196.011,s05
1586,158.5,774.504,-1.228,-195.676,s05
1587,158.6,775.059,-1.174,-195.358,s05
1588,158.7,775.624,-0.921,-195.167,s05
1589,158.8,776.143,-0.949,-194.960,s05
1590,158.9,776.446,-0.885,-194.792,s05
1591,159.0,776.988,-0.838,-194.502,s05
1592,159.1,777.218,-0.989,-194.515,s05
1593,159.2,777.631,-1.048,-194.496,s05
1594,159.3,777.913,-1.000,-194.429,s05
1595,159.4,778.141,-0.971,-194.368,s05
1596,159.5,778.524,-0.992,-194.266,s05
1597,159.6,778.832,-1.120,-194.069,s05
1598,159.7,779.231,-1.039,-193.988,s05
1599,159.8,779.948,-0.992,-193.749,s05
1600,159.9,780.265,-0.913,-193.683,s05
1601,160.0,780.762,-0.772,-193.536,s05
1602,160.1,781.316,-0.688,-193.381,s05
1603,160.2,781.797,-0.678,-193.002,s05
1604,160.3,782.221,-0.744,-192.890,s05
1605,160.4,782.628,-0.750,-192.683,s05
1606,160.5,783.048,-0.704,-192.473,s05
1607,160.6,783.501,-0.679,-192.231,s05
1608,160.7,783.730,-0.663,-192.173,s05
1609,160.8,784.380,-0.687,-191.926,s05
1610,160.9,784.824,-0.644,-191.676,s05
1611,161.0,785.147,-0.652,-191.460,s05
1612,161.1,785.443,-0.682,-191.458,s05
1613,161.2,785.900,-0.569,-191.233,s05
1614,161.3,786.413,-0.438,-191.176,s05
1615,161.4,786.795,-0.429,-191.060,s05
1616,161.5,787.194,-0.479,-190.985,s05
1617,161.6,787.681,-0.392,-190.775,s05
1618,161.7,787.914,-0.380,-190.705,s05
1619,161.8,788.343,-0.364,-190.462,s05
1620,161.9,788.822,-0.341,-190.387,s05
1621,162.0,789.520,-0.203,-190.087,s05
1622,162.1,789.966,-0.224,-189.814,s05
1623,162.2,790.467,-0.192,-189.504,s05
1624,162.3,791.144,-0.119,-189.198,s05
1625,162.4,791.769,0.047,-188.902,s05
1626,162.5,792.399,0.041,-188.513,s05
1627,162.6,793.092,0.070,-188.161,s05
1628,162.7,793.589,0.067,-188.025,s05
1629,162.8,794.090,0.039,-187.630,s05
1630,162.9,794.517,-0.060,-187.499,s05
1631,163.0,795.154,-0.021,-187.318,s05
1632,163.1,795.589,-0.044,-187.088,s05
1633,163.2,795.968,-0.027,-186.820,s05
1634,163.3,796.336,-0.018,-186.417,s05
1635,163.4,796.774,0.008,-186.302,s05
1636,163.5,797.297,-0.022,-186.032,s05
1637,163.6,797.838,0.021,-185.727,s05
1638,163.7,798.380,0.067,-185.471,s05
1639,163.8,798.931,0.161,-185.072,s05
1640,163.9,799.502,0.219,-184.794,s05
1641,164.0,800.114,0.249,-184.617,s05
1642,164.1,800.652,0.273,-184.499,s05
1643,164.2,801.262,0.330,-184.412,s05
1644,164.3,801.687,0.313,-184.079,s05
1645,164.4,802.136,0.456,-183.946,s05
1646,164.5,802.608,0.550,-183.762,s05
1647,164.6,803.184,0.574,-183.531,s05
1648,164.7,803.736,0.611,-183.219,s05
1649,164.8,804.290,0.605,-183.051,s05
1650,164.9,804.810,0.635,-182.795,s05
1651,165.0,805.549,0.641,-182.395,s05
1652,165.1,806.103,0.623,-182.008,s05
1653,165.2,806.743,0.667,-181.896,s05
1654,165.3,807.364,0.671,-181.461,s05
1655,165.4,808.164,0.700,-180.964,s05
1656,165.5,808.786,0.733,-180.786,s05
1657,165.6,809.439,0.694,-180.599,s05
1658,165.7,809.880,0.624,-180.285,s05
1659,165.8,810.501,0.654,-179.850,s05
1660,165.9,810.920,0.675,-179.550,s05
1661,166.0,811.623,0.717,-179.311,s05
1662,166.1,812.320,0.751,-178.843,s05
1663,166.2,813.105,0.723,-178.501,s05
1664,166.3,813.752,0.762,-178.268,s05
1665,166.4,814.458,0.775,-177.800,s05
1666,166.5,815.151,0.814,-177.408,s05
1667,166.6,815.863,0.825,-176.991,s05
1668,166.7,816.446,0.693,-176.763,s05
1669,166.8,817.202,0.661,-176.432,s05
1670,166.9,817.637,0.560,-176.181,s05
1671,167.0,818.079,0.567,-175.866,s05
1672,167.1,818.395,0.637,-175.682,s05
1673,167.2,818.743,0.606,-175.415,s05
1674,167.3,819.283,0.608,-175.103,s05
1675,167.4,819.712,0.603,-174.832,s05
1676,167.5,820.217,0.595,-174.586,s05
1677,167.6,820.796,0.648,-174.241,s05
1678,167.7,821.354,0.688,-174.061,s05
1679,167.8,821.916,0.697,-173.598,s05
1680,167.9,822.291,0.697,-173.484,s05
1681,168.0,822.775,0.693,-173.269,s05
1682,168.1,823.234,0.690,-173.141,s05
1683,168.2,823.620,0.650,-172.989,s05
1684,168.3,824.195,0.550,-172.869,s05
1685,168.4,824.707,0.680,-172.583,s05
1686,168.5,825.210,0.765,-172.526,s05
1687,168.6,825.688,0.771,-172.243,s05
1688,168.7,826.362,0.905,-172.173,s05
1689,168.8,827.228,0.896,-171.724,s05
1690,168.9,828.027,0.937,-171.405,s05
1691,169.0,828.742,0.961,-170.965,s05
1692,169.1,829.434,1.048,-170.778,s05
1693,169.2,829.963,1.151,-170.397,s05
1694,169.3,830.744,1.189,-170.067,s05
1695,169.4,831.479,1.212,-169.598,s05
1696,169.5,832.128,1.240,-169.343,s05
1697,169.6,832.838,1.181,-168.850,s05
1698,169.7,833.562,1.212,-168.521,s05
1699,169.8,834.070,1.234,-168.153,s05
1700,169.9,834.715,1.306,-167.891,s05
1701,170.0,835.297,1.270,-167.495,s05
1702,170.1,836.112,1.246,-167.281,s05
1703,170.2,836.667,1.242,-166.914,s05
1704,170.3,837.164,1.196,-166.725,s05
1705,170.4,837.544,1.100,-166.397,s05
1706,170.5,837.995,1.201,-166.218,s05
1707,170.6,838.339,1.209,-166.147,s05
1708,170.7,838.870,1.210,-166.120,s05
1709,170.8,839.362,1.096,-165.785,s05
1710,170.9,839.960,1.127,-165.509,s05
1711,171.0,840.230,1.155,-165.120,s05
1712,171.1,840.677,1.078,-165.028,s05
1713,171.2,841.124,0.999,-164.706,s05
1714,171.3,841.888,0.930,-164.530,s05
1715,171.4,842.413,0.848,-164.360,s05
1716,171.5,842.985,0.806,-164.097,s05
1717,171.6,843.674,0.839,-163.666,s05
1718,171.7,844.314,0.821,-163.522,s05
1719,171.8,844.901,0.798,-163.165,s05
1720,171.9,845.507,0.767,-162.918,s05
1721,172.0,846.144,0.701,-162.575,s05
1722,172.1,846.823,0.655,-162.345,s05
1723,172.2,847.568,0.765,-161.939,s05
1724,172.3,848.300,0.728,-161.649,s05
1725,172.4,849.025,0.671,-161.316,s05
1726,172.5,849.644,0.555,-161.135,s05
1727,172.6,850.122,0.596,-160.754,s05
1728,172.7,850.673,0.556,-160.663,s05
1729,172.8,851.364,0.587,-160.402,s05
1730,172.9,852.008,0.666,-160.231,s05
1731,173.0,852.655,0.771,-160.000,s05
1732,173.1,853.061,0.754,-159.942,s05
1733,173.2,853.805,0.888,-159.577,s05
1734,173.3,854.428,0.943,-159.402,s05
1735,173.4,855.115,1.055,-159.104,s05
1736,173.5,856.170,1.079,-158.891,s05
1737,173.6,856.969,1.128,-158.565,s05
1738,173.7,857.610,1.134,-158.393,s05
1739,173.8,858.109,1.160,-158.036,s05
1740,173.9,858.782,1.181,-157.714,s05
1741,174.0,859.384,1.328,-157.294,s05
1742,174.1,859.736,1.224,-157.272,s05
1743,174.2,860.177,1.321,-157.011,s05
1744,174.3,860.649,1.184,-156.891,s05
1745,174.4,860.916,1.115,-156.593,s05
1746,174.5,861.305,0.984,-156.374,s05
1747,174.6,861.798,0.997,-155.993,s05
1748,174.7,862.533,0.948,-155.760,s05
1749,174.8,863.021,0.905,-155.433,s05
1750,174.9,863.784,0.773,-155.267,s05
1751,175.0,864.679,0.788,-154.637,s05
1752,175.1,865.620,0.707,-154.222,s05
1753,175.2,866.326,0.742,-153.703,s05
1754,175.3,866.978,0.798,-153.500,s05
1755,175.4,867.667,0.992,-153.104,s05
1756,175.5,868.560,1.004,-152.840,s05
1757,175.6,869.140,1.048,-152.670,s05
1758,175.7,869.838,1.108,-152.488,s05
1759,175.8,870.323,1.114,-152.036,s05
1760,175.9,870.594,1.041,-152.102,s05
1761,176.0,870.862,1.027,-151.913,s05
1762,176.1,871.499,1.007,-151.823,s05
1763,176.2,872.150,0.975,-151.540,s05
1764,176.3,872.842,1.015,-151.355,s05
1765,176.4,873.370,1.060,-151.096,s05
1766,176.5,874.097,1.082,-150.697,s05
1767,176.6,874.685,1.131,-150.327,s05
1768,176.7,875.375,1.242,-150.196,s05
1769,176.8,876.168,1.373,-149.714,s05
1770,176.9,876.942,1.484,-149.491,s05
1771,177.0,877.598,1.539,-149.028,s05
1772,177.1,878.318,1.507,-148.810,s05
1773,177.2,879.014,1.428,-148.436,s05
1774,177.3,879.717,1.523,-148.380,s05
1775,177.4,880.266,1.466,-148.148,s05
1776,177.5,881.240,1.385,-148.148,s05
1777,177.6,882.095,1.341,-147.967,s05
1778,177.7,882.918,1.255,-147.864,s05
1779,177.8,883.638,1.148,-147.680,s05
1780,177.9,884.391,1.173,-147.672,s06
1781,178.0,884.992,1.261,-147.496,s06
1782,178.1,885.755,1.280,-147.510,s06
1783,178.2,886.417,1.115,-147.179,s06
1784,178.3,887.185,1.152,-147.054,s06
1785,178.4,887.712,1.205,-146.632,s06
1786,178.5,888.312,1.163,-146.277,s06
1787,178.6,888.860,1.224,-145.983,s06
1788,178.7,889.628,1.306,-145.732,s06
1789,178.8,890.094,1.267,-145.336,s06
1790,178.9,890.733,1.248,-145.094,s06
1791,179.0,891.227,1.225,-144.643,s06
1792,179.1,891.743,1.288,-144.503,s06
1793,179.2,892.389,1.324,-144.140,s06
1794,179.3,892.883,1.306,-143.958,s06
1795,179.4,893.401,1.404,-143.697,s06
1796,179.5,894.032,1.348,-143.511,s06
1797,179.6,894.461,1.343,-143.035,s06
1798,179.7,895.275,1.354,-142.772,s06
1799,179.8,895.921,1.432,-142.396,s06
1800,179.9,896.550,1.441,-142.205,s06
1801,180.0,897.321,1.446,-141.692,s06
1802,180.1,898.106,1.410,-141.308,s06
1803,180.2,898.781,1.400,-140.997,s06
1804,180.3,899.410,1.312,-140.744,s06
1805,180.4,900.049,1.402,-140.319,s06
1806,180.5,900.830,1.332,-140.153,s06
1807,180.6,901.302,1.416,-139.851,s06
1808,180.7,901.957,1.365,-139.749,s06
1809,180.8,902.582,1.390,-139.449,s06
1810,180.9,903.298,1.402,-139.229,s06
1811,181.0,903.908,1.463,-138.996,s06
1812,181.1,904.606,1.511,-138.757,s06
1813,181.2,905.407,1.577,-138.380,s06
1814,181.3,906.086,1.536,-138.102,s06
1815,181.4,906.693,1.585,-137.730,s06
1816,181.5,907.383,1.557,-137.474,s06
1817,181.6,907.937,1.609,-137.066,s06
1818,181.7,908.392,1.606,-136.770,s06
1819,181.8,908.894,1.590,-136.529,s06
1820,181.9,909.414,1.615,-136.249,s06
1821,182.0,910.005,1.662,-135.949,s06
1822,182.1,910.473,1.701,-135.902,s06
1823,182.2,911.089,1.797,-135.682,s06
1824,182.3,911.645,1.811,-135.541,s06
1825,182.4,912.187,1.836,-135.279,s06
1826,182.5,912.888,1.858,-135.027,s06
1827,182.6,913.772,1.917,-134.705,s06
1828,182.7,914.331,1.974,-134.392,s06
1829,182.8,914.931,1.950,-134.256,s06
1830,182.9,915.500,1.935,-133.984,s06
1831,183.0,916.097,1.933,-133.596,s06
1832,183.1,916.648,1.898,-133.379,s06
1833,183.2,917.167,1.961,-133.150,s06
1834,183.3,917.692,1.964,-132.947,s06
1835,183.4,918.224,2.014,-132.675,s06
1836,183.5,918.623,2.041,-132.522,s06
1837,183.6,919.182,2.101,-132.298,s06
1838,183.7,919.682,2.122,-131.959,s06
1839,183.8,920.288,2.191,-131.678,s06
1840,183.9,920.634,2.173,-131.284,s06
1841,184.0,920.945,2.258,-130.869,s06
1842,184.1,921.263,2.270,-130.415,s06
1843,184.2,921.603,2.351,-129.985,s06
1844,184.3,921.772,2.317,-129.612,s06
1845,184.4,922.095,2.355,-129.176,s06
1846,184.5,922.252,2.383,-128.851,s06
1847,184.6,922.545,2.472,-128.476,s06
1848,184.7,922.689,2.433,-128.133,s06
1849,184.8,923.197,2.553,-127.864,s06
1850,184.9,923.564,2.578,-127.650,s06
1851,185.0,924.153,2.628,-127.307,s06
1852,185.1,924.629,2.676,-126.945,s06
1853,185.2,925.338,2.766,-126.608,s06
1854,185.3,925.810,2.820,-126.231,s06
1855,185.4,926.396,2.867,-125.875,s06
1856,185.5,926.710,2.806,-125.524,s06
1857,185.6,927.242,2.918,-125.108,s06
1858,185.7,927.657,2.876,-124.720,s06
1859,185.8,928.183,2.899,-124.279,s06
1860,185.9,928.567,2.954,-123.975,s06
1861,186.0,929.070,2.980,-123.615,s06
1862,186.1,929.369,2.977,-123.096,s06
1863,186.2,929.877,3.039,-122.609,s06
1864,186.3,930.371,3.138,-122.191,s06
1865,186.4,930.923,3.324,-121.758,s06
1866,186.5,931.388,3.416,-121.238,s06
1867,186.6,931.900,3.509,-120.857,s06
1868,186.7,932.469,3.560,-120.525,s06
1869,186.8,933.024,3.535,-120.005,s06
1870,186.9,933.465,3.506,-119.667,s06
1871,187.0,934.003,3.533,-119.236,s06
1872,187.1,934.463,3.488,-118.854,s06
1873,187.2,934.897,3.502,-118.317,s06
1874,187.3,935.331,3.525,-117.950,s06
1875,187.4,935.759,3.524,-117.441,s06
1876,187.5,936.008,3.609,-116.804,s06
1877,187.6,936.210,3.665,-116.124,s06
1878,187.7,936.493,3.770,-115.534,s06
1879,187.8,936.852,3.858,-114.821,s06
1880,187.9,937.052,3.889,-114.404,s06
1881,188.0,937.324,3.936,-113.864,s06
1882,188.1,937.506,3.922,-113.377,s06
1883,188.2,937.824,3.889,-112.821,s06
1884,188.3,938.088,3.906,-112.505,s06
1885,188.4,938.412,3.885,-112.176,s06
1886,188.5,938.754,3.847,-111.735,s06
1887,188.6,939.017,3.820,-111.370,s06
1888,188.7,939.274,3.877,-111.039,s06
1889,188.8,939.576,3.949,-110.631,s06
1890,188.9,939.780,4.005,-110.167,s06
1891,189.0,940.039,4.048,-109.606,s06
1892,189.1,940.278,4.078,-109.189,s06
1893,189.2,940.491,4.077,-108.627,s06
1894,189.3,940.707,4.130,-108.090,s06
1895,189.4,940.914,4.187,-107.642,s06
1896,189.5,941.160,4.282,-107.152,s06
1897,189.6,941.406,4.273,-106.558,s06
1898,189.7,941.582,4.312,-106.120,s06
1899,189.8,941.754,4.354,-105.650,s06
1900,189.9,941.975,4.370,-105.299,s06
1901,190.0,942.169,4.470,-104.611,s06
1902,190.1,942.332,4.533,-104.250,s06
1903,190.2,942.507,4.568,-103.834,s06
1904,190.3,942.611,4.614,-103.437,s06
1905,190.4,942.717,4.610,-102.919,s06
1906,190.5,942.816,4.659,-102.534,s06
1907,190.6,942.957,4.714,-101.893,s06
1908,190.7,943.128,4.742,-101.542,s06
1909,190.8,943.304,4.773,-101.030,s06
1910,190.9,943.408,4.758,-100.739,s06
1911,191.0,943.560,4.795,-100.110,s06
1912,191.1,943.800,4.829,-99.557,s06
1913,191.2,944.058,4.860,-98.906,s06
1914,191.3,944.263,4.886,-98.511,s06
1915,191.4,944.352,4.924,-97.948,s06
1916,191.5,944.634,4.949,-97.577,s06
1917,191.6,944.791,4.984,-97.008,s06
1918,191.7,944.943,5.017,-96.567,s06
1919,191.8,945.150,5.006,-95.911,s06
1920,191.9,945.285,4.955,-95.447,s06
1921,192.0,945.328,4.958,-94.883,s06
1922,192.1,945.373,4.983,-94.490,s06
1923,192.2,945.511,5.016,-93.772,s06
1924,192.3,945.757,4.982,-93.181,s06
1925,192.4,945.917,4.942,-92.393,s06
1926,192.5,946.114,4.933,-91.806,s06
1927,192.6,946.278,4.946,-91.143,s06
1928,192.7,946.366,5.015,-90.743,s06
1929,192.8,946.528,5.132,-90.087,s06
1930,192.9,946.712,5.188,-89.624,s06
1931,193.0,946.994,5.203,-88.885,s06
1932,193.1,947.158,5.224,-88.396,s06
1933,193.2,947.298,5.316,-87.806,s06
1934,193.3,947.404,5.387,-87.264,s06
1935,193.4,947.620,5.424,-86.558,s06
1936,193.5,947.731,5.460,-85.968,s06
1937,193.6,947.951,5.500,-85.125,s06
1938,193.7,948.149,5.504,-84.502,s06
1939,193.8,948.341,5.529,-83.803,s06
1940,193.9,948.457,5.594,-83.172,s06
1941,194.0,948.656,5.637,-82.412,s06
1942,194.1,948.848,5.668,-81.792,s06
1943,194.2,949.066,5.703,-81.180,s06
1944,194.3,949.146,5.755,-80.683,s06
1945,194.4,949.281,5.770,-80.006,s06
1946,194.5,949.363,5.752,-79.514,s06
1947,194.6,949.521,5.721,-78.953,s06
1948,194.7,949.612,5.756,-78.324,s06
1949,194.8,949.706,5.746,-77.775,s06
1950,194.9,949.810,5.759,-77.350,s06
1951,195.0,949.916,5.802,-76.706,s06
1952,195.1,950.031,5.807,-76.158,s06
1953,195.2,950.251,5.835,-75.458,s06
1954,195.3,950.534,5.875,-75.006,s06
1955,195.4,950.776,5.945,-74.418,s06
1956,195.5,950.986,6.017,-73.727,s06
1957,195.6,951.275,6.004,-72.981,s06
1958,195.7,951.569,6.062,-72.427,s06
1959,195.8,951.782,6.084,-71.739,s06
1960,195.9,951.973,6.084,-71.276,s06
1961,196.0,952.053,6.136,-70.697,s06
1962,196.1,952.176,6.110,-70.228,s06
1963,196.2,952.245,6.122,-69.514,s06
1964,196.3,952.382,6.095,-68.927,s06
1965,196.4,952.432,6.124,-68.469,s06
1966,196.5,952.516,6.118,-68.058,s06
1967,196.6,952.565,6.112,-67.354,s06
1968,196.7,952.668,6.119,-66.855,s06
1969,196.8,952.839,6.144,-66.259,s06
1970,196.9,953.026,6.171,-65.816,s06
1971,197.0,953.101,6.213,-65.198,s06
1972,197.1,953.356,6.252,-64.717,s06
1973,197.2,953.485,6.307,-64.103,s06
1974,197.3,953.584,6.327,-63.598,s06
1975,197.4,953.619,6.377,-62.935,s06
1976,197.5,953.668,6.387,-62.444,s06
1977,197.6,953.817,6.439,-61.737,s06
1978,197.7,953.909,6.438,-61.076,s06
1979,197.8,954.075,6.474,-60.267,s06
1980,197.9,954.205,6.500,-59.750,s06
1981,198.0,954.291,6.544,-58.982,s06
1982,198.1,954.353,6.565,-58.350,s06
1983,198.2,954.554,6.615,-57.562,s06
1984,198.3,954.825,6.677,-57.104,s06
1985,198.4,955.051,6.695,-56.552,s06
1986,198.5,955.125,6.703,-56.069,s06
1987,198.6,955.184,6.736,-55.412,s06
1988,198.7,955.299,6.743,-54.779,s06
1989,198.8,955.477,6.699,-53.923,s06
1990,198.9,955.606,6.705,-53.426,s06
1991,199.0,955.742,6.716,-52.819,s06
1992,199.1,955.821,6.707,-52.309,s06
1993,199.2,955.841,6.682,-51.539,s06
1994,199.3,956.043,6.730,-50.914,s06
1995,199.4,956.196,6.690,-50.196,s06
1996,199.5,956.491,6.742,-49.627,s06
1997,199.6,956.598,6.725,-48.996,s06
1998,199.7,956.746,6.791,-48.544,s06
1999,199.8,956.821,6.812,-47.918,s06
2000,199.9,957.120,6.874,-47.393,s06
2001,200.0,957.315,6.891,-46.683,s06
2002,200.1,957.546,6.918,-46.188,s06
2003,200.2,957.562,6.862,-45.527,s06
2004,200.3,957.680,6.873,-45.042,s06
2005,200.4,957.688,6.859,-44.478,s06
2006,200.5,957.789,6.908,-44.103,s06
2007,200.6,957.903,6.862,-43.528,s06
2008,200.7,958.112,6.901,-43.023,s06
2009,200.8,958.130,6.893,-42.265,s06
2010,200.9,958.275,6.925,-41.851,s06
2011,201.0,958.343,6.942,-41.058,s06
2012,201.1,958.503,7.024,-40.412,s06
2013,201.2,958.603,7.136,-39.788,s06
2014,201.3,958.799,7.184,-39.313,s06
2015,201.4,958.971,7.197,-38.541,s06
2016,201.5,959.124,7.207,-37.943,s06
2017,201.6,959.233,7.179,-37.146,s06
2018,201.7,959.399,7.088,-36.545,s06
2019,201.8,959.477,7.121,-35.784,s06
2020,201.9,959.684,7.157,-35.286,s06
2021,202.0,959.852,7.188,-34.661,s06
2022,202.1,960.083,7.185,-33.939,s06
2023,202.2,960.232,7.148,-33.071,s06
2024,202.3,960.542,7.127,-32.419,s06
2025,202.4,960.796,7.202,-31.671,s06
2026,202.5,960.953,7.229,-31.048,s06
2027,202.6,961.164,7.336,-30.406,s06
2028,202.7,961.500,7.341,-29.763,s06
2029,202.8,961.781,7.323,-29.067,s06
2030,202.9,962.150,7.271,-28.518,s06
2031,203.0,962.436,7.260,-27.969,s06
2032,203.1,962.785,7.234,-27.486,s06
2033,203.2,962.941,7.223,-26.853,s06
2034,203.3,963.153,7.287,-26.368,s06
2035,203.4,963.413,7.210,-25.692,s06
2036,203.5,963.692,7.175,-25.189,s06
2037,203.6,963.862,7.146,-24.671,s06
2038,203.7,964.105,7.133,-24.232,s06
2039,203.8,964.311,7.162,-23.577,s06
2040,203.9,964.448,7.142,-23.107,s06
2041,204.0,964.585,7.150,-22.533,s06
2042,204.1,964.863,7.117,-22.060,s06
2043,204.2,965.045,7.129,-21.520,s06
2044,204.3,965.140,7.247,-21.272,s06
2045,204.4,965.202,7.355,-20.806,s06
2046,204.5,965.461,7.458,-20.323,s06
2047,204.6,965.555,7.562,-19.688,s06
2048,204.7,965.505,7.650,-19.342,s06
2049,204.8,965.619,7.755,-18.751,s06
2050,204.9,965.625,7.895,-18.440,s06
2051,205.0,965.586,8.077,-18.027,s06
2052,205.1,965.638,8.154,-17.596,s06
2053,205.2,965.803,8.217,-17.002,s06
2054,205.3,965.898,8.263,-16.656,s06
2055,205.4,965.887,8.254,-16.154,s06
2056,205.5,965.858,8.292,-15.819,s06
2057,205.6,966.014,8.325,-15.320,s06
2058,205.7,966.117,8.321,-14.824,s06
2059,205.8,966.304,8.350,-14.238,s06
2060,205.9,966.424,8.321,-13.755,s06
2061,206.0,966.540,8.291,-13.126,s06
2062,206.1,966.651,8.269,-12.772,s06
2063,206.2,966.779,8.253,-12.047,s06
2064,206.3,966.817,8.268,-11.447,s06
2065,206.4,967.014,8.270,-10.768,s06
2066,206.5,967.074,8.280,-10.110,s06
2067,206.6,967.198,8.304,-9.523,s06
2068,206.7,967.380,8.307,-8.980,s06
2069,206.8,967.507,8.337,-8.395,s06
2070,206.9,967.559,8.341,-7.935,s06
2071,207.0,967.671,8.376,-7.170,s06
2072,207.1,967.818,8.409,-6.951,s06
2073,207.2,968.016,8.442,-6.566,s06
2074,207.3,968.160,8.469,-6.322,s06
2075,207.4,968.319,8.474,-6.034,s06
2076,207.5,968.421,8.541,-5.731,s06
2077,207.6,968.448,8.558,-5.301,s06
2078,207.7,968.542,8.574,-4.998,s06
2079,207.8,968.801,8.625,-4.638,s06
2080,207.9,968.902,8.628,-4.510,s06
2081,208.0,968.977,8.583,-3.947,s06
2082,208.1,969.111,8.609,-3.626,s06
2083,208.2,969.231,8.617,-3.242,s06
2084,208.3,969.415,8.649,-2.763,s06
2085,208.4,969.566,8.645,-2.436,s06
2086,208.5,969.738,8.643,-2.112,s06
2087,208.6,969.908,8.592,-1.704,s06
2088,208.7,969.951,8.612,-1.169,s06
2089,208.8,970.155,8.592,-0.441,s06
2090,208.9,970.337,8.633,0.101,s06
2091,209.0,970.428,8.507,0.743,s06
2092,209.1,970.467,8.389,1.417,s06
2093,209.2,970.526,8.277,1.998,s06
2094,209.3,970.636,8.226,2.618,s06
2095,209.4,970.769,8.270,3.288,s06
2096,209.5,970.861,8.349,3.840,s06
2097,209.6,970.983,8.297,4.400,s06
2098,209.7,971.028,8.277,4.675,s06
2099,209.8,971.163,8.312,5.113,s06
2100,209.9,971.266,8.454,5.474,s06
2101,210.0,971.541,8.527,5.834,s06
2102,210.1,971.639,8.651,6.208,s06
2103,210.2,971.860,8.657,6.642,s06
2104,210.3,971.845,8.662,6.900,s06
2105,210.4,972.020,8.685,7.325,s06
2106,210.5,972.212,8.664,7.688,s06
2107,210.6,972.458,8.666,8.277,s06
2108,210.7,972.658,8.589,8.628,s06
2109,210.8,972.915,8.548,9.129,s06
2110,210.9,972.998,8.499,9.569,s06
2111,211.0,973.252,8.453,9.997,s06
2112,211.1,973.369,8.455,10.329,s06
2113,211.2,973.666,8.388,10.842,s06
2114,211.3,973.854,8.310,11.240,s06
2115,211.4,973.988,8.269,11.471,s06
2116,211.5,974.121,8.267,11.705,s06
2117,211.6,974.279,8.265,12.152,s06
2118,211.7,974.332,8.306,12.340,s06
2119,211.8,974.528,8.309,12.537,s06
2120,211.9,974.528,8.335,12.506,s06
2121,212.0,974.552,8.360,12.641,s06
2122,212.1,974.576,8.337,12.478,s06
2123,212.2,974.533,8.380,12.449,s06
2124,212.3,974.541,8.365,12.417,s06
2125,212.4,974.561,8.403,12.430,s06
2126,212.5,974.451,8.427,12.249,s06
2127,212.6,974.534,8.352,12.356,s06
2128,212.7,974.432,8.395,12.312,s06
2129,212.8,974.614,8.374,12.595,s06
2130,212.9,974.686,8.419,12.669,s06
2131,213.0,974.849,8.387,13.053,s06
2132,213.1,975.041,8.356,13.344,s06
2133,213.2,975.190,8.409,13.584,s06
2134,213.3,975.294,8.386,13.788,s06
2135,213.4,975.437,8.377,14.001,s06
2136,213.5,975.459,8.348,14.103,s06
2137,213.6,975.549,8.394,14.294,s07
2138,213.7,975.581,8.358,14.376,s07
2139,213.8,975.663,8.281,14.589,s07
2140,213.9,975.609,8.280,14.616,s07
2141,214.0,975.522,8.313,14.588,s07
2142,214.1,975.508,8.356,14.681,s07
2143,214.2,975.455,8.310,14.655,s07
2144,214.3,975.456,8.305,14.728,s07
2145,214.4,975.470,8.314,14.677,s07
2146,214.5,975.481,8.276,14.742,s07
2147,214.6,975.430,8.228,14.729,s07
2148,214.7,975.409,8.247,14.732,s07
2149,214.8,975.500,8.271,14.783,s07
2150,214.9,975.564,8.238,14.854,s07
2151,215.0,975.576,8.159,14.793,s07
2152,215.1,975.632,8.119,14.842,s07
2153,215.2,975.670,8.093,14.833,s07
2154,215.3,975.696,8.139,14.904,s07
2155,215.4,975.773,8.154,14.902,s07
2156,215.5,975.777,8.211,14.917,s07
2157,215.6,975.872,8.146,14.920,s07
2158,215.7,975.834,8.172,14.888,s07
2159,215.8,975.893,8.175,14.854,s07
2160,215.9,975.914,8.157,14.888,s07
2161,216.0,975.889,8.252,14.833,s07
2162,216.1,975.855,8.230,14.822,s07
2163,216.2,975.802,8.199,14.771,s07
2164,216.3,975.748,8.145,14.755,s07
2165,216.4,975.753,8.158,14.712,s07
2166,216.5,975.621,8.197,14.640,s07
2167,216.6,975.584,8.168,14.652,s07
2168,216.7,975.528,8.134,14.667,s07
2169,216.8,975.527,8.168,14.688,s07
2170,216.9,975.547,8.103,14.778,s07
2171,217.0,975.560,8.176,14.833,s07
2172,217.1,975.577,8.166,14.865,s07
2173,217.2,975.603,8.178,14.829,s07
2174,217.3,975.588,8.160,14.871,s07
2175,217.4,975.686,8.151,14.921,s07
2176,217.5,975.750,8.134,14.948,s07
2177,217.6,975.722,8.135,14.958,s07
2178,217.7,975.749,8.113,14.969,s07
2179,217.8,975.762,8.141,14.920,s07
2180,217.9,975.803,8.123,14.895,s07
2181,218.0,975.803,8.150,14.883,s07
2182,218.1,975.804,8.180,14.891,s07
2183,218.2,975.889,8.152,14.851,s07
2184,218.3,975.822,8.195,14.796,s07
2185,218.4,975.802,8.242,14.769,s07
2186,218.5,975.784,8.288,14.745,s07
2187,218.6,975.785,8.297,14.742,s07
2188,218.7,975.795,8.351,14.709,s07
2189,218.8,975.835,8.355,14.679,s07
2190,218.9,975.941,8.313,14.667,s07
2191,219.0,975.909,8.300,14.660,s07
2192,219.1,975.911,8.323,14.738,s07
2193,219.2,975.949,8.336,14.759,s07
2194,219.3,975.950,8.301,14.750,s07
2195,219.4,975.988,8.244,14.749,s07
2196,219.5,975.909,8.386,14.774,s07
2197,219.6,975.929,8.334,14.856,s07
2198,219.7,975.879,8.335,14.956,s07
2199,219.8,975.865,8.300,15.071,s07
2200,219.9,975.815,8.393,15.214,s07
2201,220.0,975.751,8.496,15.203,s07
2202,220.1,975.757,8.452,15.339,s07
2203,220.2,975.798,8.435,15.386,s07
2204,220.3,975.839,8.473,15.503,s07
2205,220.4,975.870,8.329,15.535,s07
2206,220.5,975.789,8.354,15.586,s07
2207,220.6,975.779,8.355,15.583,s07
2208,220.7,975.786,8.416,15.543,s07
2209,220.8,975.864,8.290,15.508,s07
2210,220.9,975.845,8.213,15.535,s07
2211,221.0,975.914,8.261,15.501,s07
2212,221.1,975.883,8.338,15.518,s07
2213,221.2,975.903,8.370,15.486,s07
2214,221.3,975.918,8.431,15.505,s07
2215,221.4,975.986,8.404,15.533,s07
2216,221.5,975.952,8.452,15.517,s07
2217,221.6,975.876,8.455,15.548,s07
2218,221.7,975.921,8.538,15.549,s07
2219,221.8,975.979,8.486,15.533,s07
2220,221.9,975.899,8.388,15.571,s07
2221,222.0,975.857,8.316,15.568,s07
2222,222.1,975.801,8.245,15.602,s07
2223,222.2,975.800,8.237,15.565,s07
2224,222.3,975.755,8.276,15.438,s07
2225,222.4,975.882,8.203,15.497,s07
2226,222.5,975.834,8.170,15.499,s07
2227,222.6,975.778,8.153,15.491,s07
2228,222.7,975.815,8.212,15.585,s07
2229,222.8,975.820,8.227,15.546,s07
2230,222.9,975.877,8.272,15.541,s07
2231,223.0,975.944,8.301,15.539,s07
2232,223.1,975.966,8.280,15.569,s07
2233,223.2,975.994,8.258,15.680,s07
2234,223.3,975.926,8.273,15.645,s07
2235,223.4,975.983,8.308,15.579,s07
2236,223.5,976.009,8.294,15.566,s07
2237,223.6,975.951,8.265,15.540,s07
2238,223.7,975.961,8.294,15.558,s07
2239,223.8,975.962,8.319,15.603,s07
2240,223.9,975.918,8.407,15.604,s07
2241,224.0,975.927,8.412,15.531,s07
2242,224.1,975.842,8.472,15.431,s07
2243,224.2,975.772,8.551,15.365,s07
2244,224.3,975.808,8.584,15.380,s07
2245,224.4,975.769,8.599,15.347,s07
2246,224.5,975.702,8.695,15.300,s07
2247,224.6,975.704,8.731,15.206,s07
2248,224.7,975.641,8.721,15.154,s07
2249,224.8,975.646,8.658,15.110,s07
2250,224.9,975.589,8.689,15.094,s07
2251,225.0,975.691,8.690,15.154,s07
2252,225.1,975.718,8.697,15.168,s07
2253,225.2,975.765,8.720,15.154,s07
2254,225.3,975.791,8.736,15.175,s07
2255,225.4,975.855,8.670,15.160,s07
2256,225.5,975.867,8.708,15.217,s07
2257,225.6,975.947,8.697,15.185,s07
2258,225.7,975.970,8.732,15.158,s07
2259,225.8,975.952,8.802,15.204,s07
2260,225.9,975.935,8.715,15.229,s07
2261,226.0,975.919,8.649,15.258,s07
2262,226.1,975.847,8.604,15.309,s07
2263,226.2,975.877,8.551,15.226,s07
2264,226.3,975.908,8.571,15.214,s07
2265,226.4,975.900,8.583,15.188,s07
2266,226.5,975.854,8.580,15.234,s07
2267,226.6,975.776,8.531,15.221,s07
2268,226.7,975.806,8.389,15.288,s07
2269,226.8,975.808,8.444,15.240,s07
2270,226.9,975.827,8.454,15.206,s07
2271,227.0,975.860,8.487,15.182,s07
2272,227.1,975.852,8.545,15.279,s07
2273,227.2,975.827,8.527,15.292,s07
2274,227.3,975.807,8.530,15.317,s07
2275,227.4,975.831,8.549,15.264,s07
2276,227.5,975.885,8.574,15.284,s07
2277,227.6,975.911,8.659,15.191,s07
2278,227.7,975.916,8.716,15.179,s07
2279,227.8,975.913,8.672,15.133,s07
2280,227.9,975.854,8.630,15.082,s07
2281,228.0,975.859,8.574,15.094,s07
2282,228.1,975.908,8.545,15.113,s07
2283,228.2,975.966,8.517,15.148,s07
2284,228.3,975.988,8.508,15.269,s07
2285,228.4,976.027,8.435,15.313,s07
2286,228.5,976.014,8.431,15.411,s07
2287,228.6,976.081,8.418,15.528,s07
2288,228.7,976.209,8.429,15.677,s07
2289,228.8,976.326,8.365,15.857,s07
2290,228.9,976.375,8.394,15.932,s07
2291,229.0,976.380,8.365,16.030,s07
2292,229.1,976.385,8.324,16.186,s07
2293,229.2,976.407,8.234,16.298,s07
2294,229.3,976.471,8.350,16.441,s07
2295,229.4,976.542,8.387,16.580,s07
2296,229.5,976.578,8.336,16.680,s07
2297,229.6,976.538,8.257,16.857,s07
2298,229.7,976.684,8.320,17.023,s07
2299,229.8,976.762,8.309,17.277,s07
2300,229.9,976.938,8.358,17.602,s07
2301,230.0,977.095,8.295,17.747,s07
2302,230.1,977.329,8.419,18.009,s07
2303,230.2,977.491,8.368,18.238,s07
2304,230.3,977.694,8.357,18.477,s07
2305,230.4,977.890,8.344,18.652,s07
2306,230.5,978.160,8.412,18.942,s07
2307,230.6,978.201,8.502,19.082,s07
2308,230.7,978.375,8.550,19.243,s07
2309,230.8,978.520,8.562,19.313,s07
2310,230.9,978.738,8.578,19.650,s07
2311,231.0,978.936,8.503,19.947,s07
2312,231.1,979.174,8.456,20.305,s07
2313,231.2,979.372,8.395,20.523,s07
2314,231.3,979.607,8.433,20.973,s07
2315,231.4,979.763,8.431,21.333,s07
2316,231.5,980.036,8.359,21.844,s07
2317,231.6,980.290,8.322,22.259,s07
2318,231.7,980.507,8.333,22.749,s07
2319,231.8,980.680,8.287,23.102,s07
2320,231.9,980.831,8.278,23.363,s07
2321,232.0,980.955,8.275,23.702,s07
2322,232.1,981.081,8.294,24.220,s07
2323,232.2,981.271,8.267,24.662,s07
2324,232.3,981.421,8.399,24.965,s07
2325,232.4,981.597,8.343,25.332,s07
2326,232.5,981.730,8.366,25.789,s07
2327,232.6,981.897,8.332,26.149,s07
2328,232.7,982.014,8.484,26.573,s07
2329,232.8,982.163,8.495,26.998,s07
2330,232.9,982.316,8.595,27.449,s07
2331,233.0,982.500,8.600,27.897,s07
2332,233.1,982.586,8.632,28.247,s07
2333,233.2,982.814,8.539,28.690,s07
2334,233.3,982.935,8.630,29.123,s07
2335,233.4,983.196,8.568,29.429,s07
2336,233.5,983.402,8.559,29.915,s07
2337,233.6,983.673,8.462,30.360,s07
2338,233.7,983.801,8.491,30.771,s07
2339,233.8,984.057,8.326,31.045,s07
2340,233.9,984.329,8.264,31.396,s07
2341,234.0,984.517,8.255,31.845,s07
2342,234.1,984.741,8.244,32.275,s07
2343,234.2,985.075,8.126,32.588,s07
2344,234.3,985.261,8.026,33.030,s07
2345,234.4,985.450,8.082,33.363,s07
2346,234.5,985.589,8.122,33.799,s07
2347,234.6,985.793,8.033,34.335,s07
2348,234.7,985.972,8.138,34.944,s07
2349,234.8,986.066,8.149,35.377,s07
2350,234.9,986.219,8.140,35.837,s07
2351,235.0,986.343,8.034,36.335,s07
2352,235.1,986.467,8.141,36.835,s07
2353,235.2,986.681,8.174,37.423,s07
2354,235.3,986.846,8.081,37.960,s07
2355,235.4,987.168,7.990,38.384,s07
2356,235.5,987.442,8.124,38.785,s07
2357,235.6,987.638,8.014,39.139,s07
2358,235.7,988.007,8.006,39.647,s07
2359,235.8,988.302,8.010,40.089,s07
2360,235.9,988.607,8.126,40.518,s07
2361,236.0,988.810,8.065,40.920,s07
2362,236.1,988.985,8.119,41.435,s07
2363,236.2,989.222,8.211,41.868,s07
2364,236.3,989.440,8.281,42.368,s07
2365,236.4,989.680,8.174,42.999,s07
2366,236.5,989.972,8.186,43.572,s07
2367,236.6,990.151,8.098,44.126,s07
2368,236.7,990.392,7.975,44.634,s07
2369,236.8,990.562,7.893,45.267,s07
2370,236.9,990.854,7.862,45.906,s07
2371,237.0,991.119,7.877,46.367,s07
2372,237.1,991.439,7.830,46.982,s07
2373,237.2,991.518,7.852,47.604,s07
2374,237.3,991.765,7.818,48.032,s07
2375,237.4,991.932,7.941,48.591,s07
2376,237.5,992.213,8.026,48.978,s07
2377,237.6,992.412,8.144,49.469,s07
2378,237.7,992.771,8.147,49.821,s07
2379,237.8,993.086,8.200,50.344,s07
2380,237.9,993.405,8.242,50.903,s07
2381,238.0,993.579,8.199,51.377,s07
2382,238.1,994.011,8.146,51.739,s07
2383,238.2,994.230,8.164,52.252,s07
2384,238.3,994.547,8.128,52.744,s07
2385,238.4,994.748,8.171,53.343,s07
2386,238.5,995.123,8.170,53.948,s07
2387,238.6,995.341,8.121,54.500,s07
2388,238.7,995.559,8.091,55.025,s07
2389,238.8,995.674,8.022,55.475,s07
2390,238.9,996.023,7.971,56.065,s07
2391,239.0,996.237,7.959,56.742,s07
2392,239.1,996.538,7.951,57.285,s07
2393,239.2,996.696,7.956,57.856,s07
2394,239.3,996.976,7.876,58.493,s07
2395,239.4,997.177,7.829,59.001,s07
2396,239.5,997.403,7.929,59.672,s07
2397,239.6,997.493,7.913,60.144,s07
2398,239.7,997.806,7.955,60.803,s07
2399,239.8,997.990,8.056,61.394,s07
2400,239.9,998.239,8.088,61.900,s07
2401,240.0,998.462,8.181,62.537,s07
2402,240.1,998.708,8.252,63.175,s07
2403,240.2,998.869,8.361,63.776,s07
2404,240.3,999.173,8.313,64.375,s07
2405,240.4,999.334,8.328,64.928,s07
2406,240.5,999.683,8.351,65.680,s07
2407,240.6,999.875,8.328,66.203,s07
2408,240.7,1000.035,8.288,66.741,s07
2409,240.8,1000.249,8.281,67.379,s07
2410,240.9,1000.488,8.241,67.872,s07
2411,241.0,1000.774,8.164,68.445,s07
2412,241.1,1001.113,8.138,68.997,s07
2413,241.2,1001.290,8.143,69.503,s07
2414,241.3,1001.683,8.041,70.101,s07
2415,241.4,1001.960,7.993,70.696,s07
2416,241.5,1002.286,7.918,71.282,s07
2417,241.6,1002.705,7.856,71.819,s07
2418,241.7,1002.888,7.801,72.366,s07
2419,241.8,1003.105,7.709,72.968,s07
2420,241.9,1003.297,7.629,73.393,s07
2421,242.0,1003.547,7.422,73.929,s07
2422,242.1,1003.796,7.380,74.529,s07
2423,242.2,1003.817,7.414,74.883,s07
2424,242.3,1003.948,7.419,75.299,s07
2425,242.4,1004.102,7.530,75.824,s07
2426,242.5,1004.221,7.580,76.350,s07
2427,242.6,1004.515,7.624,76.814,s07
2428,242.7,1004.731,7.724,77.312,s07
2429,242.8,1005.016,7.653,77.964,s07
2430,242.9,1005.262,7.799,78.547,s07
2431,243.0,1005.559,7.833,79.187,s07
2432,243.1,1005.931,7.836,79.900,s07
2433,243.2,1006.267,7.782,80.558,s07
2434,243.3,1006.600,7.734,81.098,s07
2435,243.4,1006.894,7.688,81.582,s07
2436,243.5,1007.179,7.664,82.164,s07
2437,243.6,1007.529,7.583,82.909,s07
2438,243.7,1007.813,7.661,83.378,s07
2439,243.8,1008.093,7.551,83.830,s07
2440,243.9,1008.176,7.514,84.277,s07
2441,244.0,1008.513,7.491,84.876,s07
2442,244.1,1008.795,7.517,85.348,s07
2443,244.2,1008.925,7.404,85.821,s07
2444,244.3,1009.133,7.379,86.638,s07
2445,244.4,1009.405,7.351,87.291,s07
2446,244.5,1009.608,7.336,87.814,s07
2447,244.6,1009.899,7.289,88.587,s07
2448,244.7,1010.078,7.323,89.120,s07
2449,244.8,1010.498,7.328,89.707,s07
2450,244.9,1010.698,7.332,90.301,s07
2451,245.0,1010.951,7.280,90.974,s07
2452,245.1,1011.282,7.329,91.707,s07
2453,245.2,1011.600,7.290,92.180,s07
2454,245.3,1011.841,7.297,92.697,s07
2455,245.4,1012.118,7.228,93.103,s07
2456,245.5,1012.370,7.288,93.615,s07
2457,245.6,1012.689,7.348,94.328,s07
2458,245.7,1012.895,7.417,94.995,s07
2459,245.8,1013.150,7.371,95.574,s07
2460,245.9,1013.428,7.456,96.148,s07
2461,246.0,1013.766,7.446,96.676,s07
2462,246.1,1014.035,7.531,97.286,s07
2463,246.2,1014.309,7.515,97.969,s07
2464,246.3,1014.542,7.656,98.724,s07
2465,246.4,1014.761,7.615,99.358,s07
2466,246.5,1015.000,7.605,99.919,s07
2467,246.6,1015.213,7.573,100.559,s07
2468,246.7,1015.409,7.538,101.159,s07
2469,246.8,1015.568,7.520,101.674,s07
2470,246.9,1015.686,7.543,102.313,s07
2471,247.0,1015.899,7.423,102.813,s07
2472,247.1,1016.104,7.372,103.294,s07
2473,247.2,1016.369,7.204,103.718,s07
2474,247.3,1016.610,7.142,104.204,s07
2475,247.4,1016.781,7.070,104.624,s07
2476,247.5,1017.009,6.930,105.028,s07
2477,247.6,1017.411,6.830,105.499,s07
2478,247.7,1017.791,6.724,106.206,s07
2479,247.8,1018.170,6.691,106.747,s07
2480,247.9,1018.498,6.719,107.296,s07
2481,248.0,1018.833,6.693,107.885,s07
2482,248.1,1019.084,6.767,108.542,s07
2483,248.2,1019.411,6.693,109.038,s07
2484,248.3,1019.780,6.686,109.743,s07
2485,248.4,1020.181,6.689,110.324,s07
2486,248.5,1020.409,6.769,110.883,s07
2487,248.6,1020.617,6.691,111.156,s07
2488,248.7,1020.820,6.652,111.699,s07
2489,248.8,1022.056,6.679,111.336,s07
2490,248.9,1023.267,6.748,110.932,s07
2491,249.0,1024.563,6.775,110.508,s07
2492,249.1,1025.728,6.919,110.219,s07
2493,249.2,1026.850,6.977,109.811,s08
2494,249.3,1027.923,7.043,109.531,s08
2495,249.4,1029.052,7.092,109.248,s08
2496,249.5,1030.126,7.227,109.083,s08
2497,249.6,1031.277,7.224,108.750,s08
2498,249.7,1031.359,7.259,109.424,s08
2499,249.8,1031.427,7.246,110.059,s08
2500,249.9,1031.587,7.259,110.771,s08
2501,250.0,1031.768,7.206,111.368,s08
2502,250.1,1031.930,7.178,112.150,s08
2503,250.2,1032.058,7.176,112.886,s08
2504,250.3,1032.164,7.170,113.567,s08
2505,250.4,1032.324,7.149,114.272,s08
2506,250.5,1032.455,7.180,115.030,s08
2507,250.6,1032.546,7.175,115.724,s08
2508,250.7,1032.742,7.218,116.529,s08
2509,250.8,1032.838,7.166,117.189,s08
2510,250.9,1032.999,7.238,117.931,s08
2511,251.0,1033.165,7.265,118.510,s08
2512,251.1,1033.394,7.305,119.110,s08
2513,251.2,1033.497,7.280,119.777,s08
2514,251.3,1033.674,7.311,120.416,s08
2515,251.4,1033.856,7.355,120.932,s08
2516,251.5,1034.079,7.426,121.546,s08
2517,251.6,1034.166,7.388,122.134,s08
2518,251.7,1034.231,7.395,122.797,s08
2519,251.8,1034.329,7.341,123.428,s08
2520,251.9,1034.434,7.341,124.208,s08
2521,252.0,1034.477,7.337,124.960,s08
2522,252.1,1034.725,7.365,125.732,s08
2523,252.2,1034.804,7.372,126.485,s08
2524,252.3,1034.978,7.301,127.380,s08
2525,252.4,1035.085,7.235,128.159,s08
2526,252.5,1035.307,7.199,128.908,s08
2527,252.6,1035.470,7.189,129.710,s08
2528,252.7,1035.597,7.191,130.526,s08
2529,252.8,1035.787,7.144,131.318,s08
2530,252.9,1036.021,7.166,131.995,s08
2531,253.0,1036.157,7.111,132.690,s08
2532,253.1,1036.353,7.072,133.415,s08
2533,253.2,1036.425,7.064,134.056,s08
2534,253.3,1036.637,7.031,134.765,s08
2535,253.4,1036.740,7.043,135.388,s08
2536,253.5,1036.892,7.073,136.049,s08
2537,253.6,1037.061,7.005,136.673,s08
2538,253.7,1037.210,6.998,137.288,s08
2539,253.8,1037.270,6.902,137.921,s08
2540,253.9,1037.350,6.904,138.442,s08
2541,254.0,1037.503,6.896,139.043,s08
2542,254.1,1037.614,6.924,139.668,s08
2543,254.2,1037.604,6.939,140.222,s08
2544,254.3,1037.670,6.933,140.855,s08
2545,254.4,1037.827,6.908,141.486,s08
2546,254.5,1037.940,6.983,142.114,s08
2547,254.6,1037.929,6.995,142.653,s08
2548,254.7,1038.084,7.080,143.279,s08
2549,254.8,1038.245,7.143,143.996,s08
2550,254.9,1038.361,7.184,144.609,s08
2551,255.0,1038.438,7.188,145.183,s08
2552,255.1,1038.692,7.219,145.930,s08
2553,255.2,1038.927,7.321,146.585,s08
2554,255.3,1039.290,7.532,147.332,s08
2555,255.4,1039.626,7.673,148.120,s08
2556,255.5,1040.086,7.869,148.921,s08
2557,255.6,1040.430,7.941,149.815,s08
2558,255.7,1040.784,8.055,150.626,s08
2559,255.8,1041.102,8.147,151.507,s08
2560,255.9,1041.398,8.284,152.441,s08
2561,256.0,1041.466,8.414,153.268,s08
2562,256.1,1041.695,8.494,154.204,s08
2563,256.2,1041.741,8.470,154.991,s08
2564,256.3,1041.673,8.501,155.712,s08
2565,256.4,1041.483,8.345,156.474,s08
2566,256.5,1041.398,8.419,157.356,s08
2567,256.6,1041.263,8.408,158.239,s08
2568,256.7,1041.255,8.485,159.131,s08
2569,256.8,1041.228,8.347,160.075,s08
2570,256.9,1041.309,8.237,161.013,s08
2571,257.0,1041.150,8.172,161.832,s08
2572,257.1,1040.967,8.173,162.659,s08
2573,257.2,1040.882,8.153,163.529,s08
2574,257.3,1040.971,8.224,164.523,s08
2575,257.4,1040.938,8.054,165.237,s08
2576,257.5,1040.996,8.087,166.131,s08
2577,257.6,1040.912,7.952,166.894,s08
2578,257.7,1040.871,8.046,167.609,s08
2579,257.8,1040.799,8.088,168.270,s08
2580,257.9,1040.836,8.055,169.226,s08
2581,258.0,1040.734,7.855,170.135,s08
2582,258.1,1040.766,7.738,171.109,s08
2583,258.2,1040.685,7.784,171.679,s08
2584,258.3,1040.681,7.870,172.736,s08
2585,258.4,1040.570,7.766,173.408,s08
2586,258.5,1040.590,7.844,174.501,s08
2587,258.6,1040.684,7.752,175.223,s08
2588,258.7,1040.701,7.743,176.263,s08
2589,258.8,1040.732,7.762,176.884,s08
2590,258.9,1040.790,7.867,177.515,s08
2591,259.0,1040.745,7.866,178.217,s08
2592,259.1,1040.654,7.824,179.255,s08
2593,259.2,1040.509,7.749,179.854,s08
2594,259.3,1040.511,7.815,180.766,s08
2595,259.4,1040.357,7.758,181.113,s08
2596,259.5,1040.252,7.879,181.965,s08
2597,259.6,1040.169,7.778,182.456,s08
2598,259.7,1040.162,7.836,183.337,s08
2599,259.8,1040.024,7.814,184.260,s08
2600,259.9,1039.974,7.923,185.031,s08
2601,260.0,1040.054,7.899,185.710,s08
2602,260.1,1040.050,7.950,186.403,s08
2603,260.2,1039.871,7.977,186.797,s08
2604,260.3,1039.833,8.003,187.677,s08
2605,260.4,1039.589,8.008,188.228,s08
2606,260.5,1039.430,8.161,188.989,s08
2607,260.6,1039.112,8.106,189.582,s08
2608,260.7,1038.983,8.172,190.229,s08
2609,260.8,1038.668,8.103,190.865,s08
2610,260.9,1038.488,8.178,191.606,s08
2611,261.0,1038.206,8.179,192.378,s08
2612,261.1,1038.028,8.151,193.329,s08
2613,261.2,1037.725,8.220,194.027,s08
2614,261.3,1037.574,8.199,194.915,s08
2615,261.4,1037.473,8.134,195.739,s08
2616,261.5,1037.210,8.235,196.498,s08
2617,261.6,1037.039,8.205,197.116,s08
2618,261.7,1036.936,8.315,197.848,s08
2619,261.8,1036.597,8.388,198.390,s08
2620,261.9,1036.472,8.523,199.048,s08
2621,262.0,1036.223,8.611,199.699,s08
2622,262.1,1036.018,8.636,200.435,s08
2623,262.2,1035.877,8.721,201.008,s08
2624,262.3,1035.489,8.834,201.634,s08
2625,262.4,1035.256,8.817,202.316,s08
2626,262.5,1034.951,8.826,203.106,s08
2627,262.6,1034.538,8.705,203.771,s08
2628,262.7,1034.062,8.592,204.604,s08
2629,262.8,1033.673,8.563,205.284,s08
2630,262.9,1033.218,8.486,205.971,s08
2631,263.0,1032.836,8.402,206.704,s08
2632,263.1,1032.267,8.332,207.662,s08
2633,263.2,1031.832,8.272,208.414,s08
2634,263.3,1031.338,8.193,209.131,s08
2635,263.4,1030.783,8.164,209.677,s08
2636,263.5,1030.358,8.219,210.460,s08
2637,263.6,1029.989,8.202,211.087,s08
2638,263.7,1029.469,8.151,211.763,s08
2639,263.8,1029.077,8.191,212.376,s08
2640,263.9,1028.582,8.188,212.880,s08
2641,264.0,1028.092,8.144,213.209,s08
2642,264.1,1027.598,8.120,213.663,s08
2643,264.2,1027.150,8.088,213.977,s08
2644,264.3,1026.750,8.124,214.457,s08
2645,264.4,1026.384,8.058,214.542,s08
2646,264.5,1026.025,8.065,214.750,s08
2647,264.6,1025.704,8.039,214.992,s08
2648,264.7,1025.167,8.002,215.401,s08
2649,264.8,1024.673,7.971,215.824,s08
2650,264.9,1024.254,8.025,216.277,s08
2651,265.0,1023.918,8.014,216.573,s08
2652,265.1,1023.439,8.067,216.927,s08
2653,265.2,1023.062,8.057,217.159,s08
2654,265.3,1022.457,8.098,217.702,s08
2655,265.4,1021.763,8.080,218.091,s08
2656,265.5,1020.986,8.086,218.455,s08
2657,265.6,1020.426,8.082,218.624,s08
2658,265.7,1019.825,8.142,218.722,s08
2659,265.8,1019.358,8.120,218.883,s08
2660,265.9,1018.522,8.125,219.216,s08
2661,266.0,1017.854,8.101,219.464,s08
2662,266.1,1017.164,8.135,219.706,s08
2663,266.2,1016.570,8.107,219.952,s08
2664,266.3,1016.080,8.147,220.090,s08
2665,266.4,1015.674,8.113,220.190,s08
2666,266.5,1015.192,8.114,220.198,s08
2667,266.6,1014.640,8.076,220.359,s08
2668,266.7,1013.941,8.066,220.371,s08
2669,266.8,1013.745,8.059,220.251,s08
2670,266.9,1013.305,8.118,220.256,s08
2671,267.0,1012.913,8.132,220.311,s08
2672,267.1,1012.515,8.216,220.091,s08
2673,267.2,1011.969,8.269,220.243,s08
2674,267.3,1011.457,8.381,220.171,s08
2675,267.4,1010.917,8.450,220.437,s08
2676,267.5,1010.300,8.543,220.293,s08
2677,267.6,1009.822,8.620,220.311,s08
2678,267.7,1009.051,8.711,220.310,s08
2679,267.8,1008.538,8.762,220.449,s08
2680,267.9,1007.824,8.777,220.467,s08
2681,268.0,1007.040,8.789,220.547,s08
2682,268.1,1006.376,8.758,220.288,s08
2683,268.2,1005.806,8.758,220.365,s08
2684,268.3,1005.140,8.756,220.085,s08
2685,268.4,1004.585,8.765,220.189,s08
2686,268.5,1003.967,8.797,219.852,s08
2687,268.6,1003.559,8.793,219.679,s08
2688,268.7,1002.983,8.794,219.279,s08
2689,268.8,1002.375,8.738,219.066,s08
2690,268.9,1001.981,8.741,218.715,s08
2691,269.0,1001.559,8.802,218.517,s08
2692,269.1,1000.891,8.797,218.082,s08
2693,269.2,1000.290,8.810,217.833,s08
2694,269.3,999.729,8.797,217.319,s08
2695,269.4,999.197,8.789,217.286,s08
2696,269.5,998.566,8.793,216.992,s08
2697,269.6,998.017,8.784,216.756,s08
2698,269.7,997.570,8.866,216.302,s08
2699,269.8,996.965,8.879,215.962,s08
2700,269.9,996.392,8.876,215.532,s08
2701,270.0,995.977,8.890,215.180,s08
2702,270.1,995.555,8.822,214.675,s08
2703,270.2,995.071,8.825,214.209,s08
2704,270.3,994.403,8.828,213.636,s08
2705,270.4,993.658,8.812,213.204,s08
2706,270.5,992.970,8.807,212.715,s08
2707,270.6,992.266,8.696,212.427,s08
2708,270.7,991.683,8.709,212.039,s08
2709,270.8,991.138,8.697,211.780,s08
2710,270.9,990.522,8.703,211.387,s08
2711,271.0,989.942,8.785,211.038,s08
2712,271.1,989.507,8.795,210.685,s08
2713,271.2,988.970,8.798,210.504,s08
2714,271.3,988.656,8.825,210.083,s08
2715,271.4,988.272,8.807,209.765,s08
2716,271.5,987.841,8.927,209.304,s08
2717,271.6,987.330,8.904,209.005,s08
2718,271.7,986.841,8.917,208.457,s08
2719,271.8,986.410,8.928,208.026,s08
2720,271.9,986.054,8.907,207.534,s08
2721,272.0,985.557,8.901,206.999,s08
2722,272.1,985.329,8.892,206.338,s08
2723,272.2,984.957,8.897,205.911,s08
2724,272.3,984.675,8.917,205.292,s08
2725,272.4,984.429,8.926,204.671,s08
2726,272.5,984.204,8.936,203.934,s08
2727,272.6,984.023,8.926,203.507,s08
2728,272.7,983.812,8.921,202.930,s08
2729,272.8,983.506,8.924,202.405,s08
2730,272.9,983.329,8.941,202.000,s08
2731,273.0,983.045,8.928,201.405,s08
2732,273.1,982.771,8.940,200.781,s08
2733,273.2,982.553,8.942,200.383,s08
2734,273.3,982.200,8.926,199.884,s08
2735,273.4,982.064,8.937,199.466,s08
2736,273.5,981.845,8.939,198.906,s08
2737,273.6,981.612,8.948,198.482,s08
2738,273.7,981.422,8.968,198.039,s08
2739,273.8,981.037,8.915,197.517,s08
2740,273.9,980.835,8.938,196.873,s08
2741,274.0,980.728,8.932,196.513,s08
2742,274.1,980.433,8.935,195.896,s08
2743,274.2,980.486,8.916,195.494,s08
2744,274.3,980.283,8.918,194.950,s08
2745,274.4,979.995,8.932,194.557,s08
2746,274.5,979.707,8.931,193.933,s08
2747,274.6,979.611,8.944,193.653,s08
2748,274.7,979.574,8.935,193.265,s08
2749,274.8,979.432,8.920,193.059,s08
2750,274.9,979.167,8.906,192.562,s08
2751,275.0,978.990,8.880,192.359,s08
2752,275.1,978.559,8.894,191.799,s08
2753,275.2,978.222,8.889,191.425,s08
2754,275.3,977.971,8.856,190.878,s08
2755,275.4,977.780,8.857,190.641,s08
2756,275.5,977.400,8.843,190.014,s08
2757,275.6,977.134,8.896,189.586,s08
2758,275.7,976.771,8.902,188.961,s08
2759,275.8,976.299,8.909,188.395,s08
2760,275.9,976.003,8.872,187.618,s08
2761,276.0,975.792,8.871,187.214,s08
2762,276.1,975.506,8.850,186.695,s08
2763,276.2,975.315,8.876,186.093,s08
2764,276.3,974.907,8.854,185.265,s08
2765,276.4,974.778,8.884,184.774,s08
2766,276.5,974.597,8.910,184.111,s08
2767,276.6,974.439,8.930,183.633,s08
2768,276.7,974.259,8.929,183.105,s08
2769,276.8,974.109,8.984,182.744,s08
2770,276.9,973.941,9.001,182.156,s08
2771,277.0,973.647,9.020,181.716,s08
2772,277.1,973.469,9.035,181.280,s08
2773,277.2,973.385,9.028,180.952,s08
2774,277.3,973.103,8.927,180.419,s08
2775,277.4,972.844,8.882,180.033,s08
2776,277.5,972.501,8.834,179.575,s08
2777,277.6,972.195,8.813,179.209,s08
2778,277.7,971.902,8.801,178.719,s08
2779,277.8,971.520,8.770,178.358,s08
2780,277.9,971.334,8.696,177.926,s08
2781,278.0,970.958,8.659,177.701,s08
2782,278.1,970.700,8.650,177.377,s08
2783,278.2,970.414,8.735,176.953,s08
2784,278.3,970.116,8.731,176.552,s08
2785,278.4,969.997,8.764,176.416,s08
2786,278.5,969.988,8.786,176.007,s08
2787,278.6,969.760,8.757,175.695,s08
2788,278.7,969.689,8.785,175.361,s08
2789,278.8,969.564,8.834,174.938,s08
2790,278.9,969.393,8.816,174.418,s08
2791,279.0,969.095,8.765,173.838,s08
2792,279.1,968.914,8.681,173.421,s08
2793,279.2,968.730,8.684,172.980,s08
2794,279.3,968.462,8.636,172.287,s08
2795,279.4,968.171,8.614,171.828,s08
2796,279.5,967.931,8.601,171.212,s08
2797,279.6,967.523,8.516,170.655,s08
2798,279.7,967.315,8.548,170.209,s08
2799,279.8,967.206,8.573,169.841,s08
2800,279.9,967.172,8.616,169.480,s08
2801,280.0,966.905,8.672,169.085,s08
2802,280.1,966.621,8.612,168.574,s08
2803,280.2,966.485,8.595,168.378,s08
2804,280.3,966.365,8.598,167.984,s08
2805,280.4,966.073,8.545,167.544,s08
2806,280.5,966.002,8.604,167.197,s08
2807,280.6,965.695,8.462,166.864,s08
2808,280.7,965.394,8.430,166.310,s08
2809,280.8,965.096,8.461,166.004,s08
2810,280.9,965.048,8.401,165.615,s08
2811,281.0,965.070,8.451,165.445,s08
2812,281.1,964.871,8.449,164.918,s08
2813,281.2,964.661,8.447,164.476,s08
2814,281.3,964.499,8.531,164.124,s08
2815,281.4,964.274,8.503,163.603,s08
2816,281.5,964.055,8.513,162.975,s08
2817,281.6,963.885,8.526,162.586,s08
2818,281.7,963.670,8.395,161.964,s08
2819,281.8,963.404,8.444,161.346,s08
2820,281.9,963.013,8.381,160.639,s08
2821,282.0,962.759,8.407,160.022,s08
2822,282.1,962.472,8.401,159.449,s08
2823,282.2,962.377,8.348,158.837,s08
2824,282.3,962.175,8.395,158.217,s08
2825,282.4,962.095,8.493,157.802,s08
2826,282.5,961.924,8.445,157.161,s08
2827,282.6,961.893,8.552,156.830,s08
2828,282.7,961.676,8.555,156.386,s08
2829,282.8,961.659,8.630,156.043,s08
2830,282.9,961.619,8.641,155.683,s08
2831,283.0,961.527,8.557,155.405,s08
2832,283.1,961.286,8.560,155.189,s08
2833,283.2,961.249,8.553,154.959,s08
2834,283.3,961.091,8.575,154.613,s08
2835,283.4,960.984,8.642,154.249,s08
2836,283.5,960.766,8.613,153.766,s08
2837,283.6,960.720,8.639,153.394,s08
2838,283.7,960.476,8.627,152.859,s08
2839,283.8,960.302,8.657,152.475,s08
2840,283.9,960.122,8.756,151.845,s08
2841,284.0,960.109,8.802,151.355,s08
2842,284.1,959.898,8.824,150.785,s08
2843,284.2,959.801,8.815,150.267,s08
2844,284.3,959.644,8.832,149.711,s08
2845,284.4,959.335,8.753,148.264,s08
2846,284.5,958.891,8.598,146.826,s08
2847,284.6,958.564,8.482,145.503,s08
2848,284.7,958.076,8.341,144.000,s08
2849,284.8,957.670,8.191,142.695,s09
2850,284.9,957.087,8.085,141.273,s09
2851,285.0,956.625,7.909,140.092,s09
2852,285.1,956.085,7.785,138.725,s09
2853,285.2,955.476,7.630,137.568,s09
2854,285.3,955.041,7.631,137.114,s09
2855,285.4,954.638,7.630,136.821,s09
2856,285.5,954.196,7.619,136.306,s09
2857,285.6,953.822,7.596,136.045,s09
2858,285.7,953.444,7.616,135.670,s09
2859,285.8,953.083,7.593,135.345,s09
2860,285.9,952.668,7.619,134.994,s09
2861,286.0,952.190,7.619,134.659,s09
2862,286.1,951.785,7.630,134.318,s09
2863,286.2,951.335,7.611,134.125,s09
2864,286.3,950.949,7.605,133.807,s09
2865,286.4,950.637,7.616,133.808,s09
2866,286.5,950.233,7.654,133.557,s09
2867,286.6,949.849,7.652,133.429,s09
2868,286.7,949.496,7.672,133.249,s09
2869,286.8,949.158,7.629,133.063,s09
2870,286.9,948.828,7.593,133.009,s09
2871,287.0,948.489,7.528,132.914,s09
2872,287.1,948.169,7.543,132.870,s09
2873,287.2,947.768,7.500,132.869,s09
2874,287.3,947.316,7.504,132.783,s09
2875,287.4,946.922,7.495,132.785,s09
2876,287.5,946.558,7.491,132.779,s09
2877,287.6,946.213,7.515,132.824,s09
2878,287.7,945.840,7.559,132.899,s09
2879,287.8,945.567,7.621,133.005,s09
2880,287.9,945.185,7.653,133.033,s09
2881,288.0,944.835,7.668,133.144,s09
2882,288.1,944.462,7.757,133.247,s09
2883,288.2,944.126,7.736,133.239,s09
2884,288.3,943.748,7.764,133.338,s09
2885,288.4,943.366,7.779,133.445,s09
2886,288.5,943.005,7.752,133.574,s09
2887,288.6,942.571,7.782,133.662,s09
2888,288.7,942.092,7.804,133.682,s09
2889,288.8,941.772,7.857,133.817,s09
2890,288.9,941.400,7.883,133.847,s09
2891,289.0,941.124,7.868,133.967,s09
2892,289.1,940.764,7.902,134.096,s09
2893,289.2,940.503,7.923,134.200,s09
2894,289.3,940.113,7.929,134.172,s09
2895,289.4,939.702,7.925,134.231,s09
2896,289.5,939.438,7.938,134.294,s09
2897,289.6,939.230,7.957,134.422,s09
2898,289.7,938.890,7.999,134.503,s09
2899,289.8,938.707,8.019,134.505,s09
2900,289.9,938.341,8.057,134.464,s09
2901,290.0,938.164,8.109,134.526,s09
2902,290.1,937.842,8.134,134.508,s09
2903,290.2,937.662,8.172,134.654,s09
2904,290.3,937.349,8.254,134.638,s09
2905,290.4,937.046,8.265,134.622,s09
2906,290.5,936.669,8.279,134.545,s09
2907,290.6,936.372,8.275,134.557,s09
2908,290.7,935.948,8.298,134.581,s09
2909,290.8,935.581,8.300,134.493,s09
2910,290.9,935.028,8.286,134.320,s09
2911,291.0,934.590,8.238,134.227,s09
2912,291.1,934.117,8.253,134.092,s09
2913,291.2,933.790,8.225,134.037,s09
2914,291.3,933.359,8.215,133.971,s09
2915,291.4,932.953,8.222,133.936,s09
2916,291.5,932.517,8.225,133.848,s09
2917,291.6,932.132,8.189,133.813,s09
2918,291.7,931.798,8.220,133.898,s09
2919,291.8,931.556,8.262,134.005,s09
2920,291.9,931.332,8.300,134.099,s09
2921,292.0,931.114,8.290,134.203,s09
2922,292.1,930.803,8.318,134.315,s09
2923,292.2,930.567,8.345,134.422,s09
2924,292.3,930.233,8.368,134.496,s09
2925,292.4,929.986,8.412,134.622,s09
2926,292.5,929.587,8.462,134.748,s09
2927,292.6,929.210,8.464,134.864,s09
2928,292.7,928.828,8.479,134.983,s09
2929,292.8,928.403,8.521,135.109,s09
2930,292.9,927.960,8.600,135.250,s09
2931,293.0,927.555,8.669,135.401,s09
2932,293.1,927.123,8.758,135.563,s09
2933,293.2,926.851,8.798,135.710,s09
2934,293.3,926.515,8.831,135.812,s09
2935,293.4,926.246,8.867,135.923,s09
2936,293.5,925.941,8.924,136.075,s09
2937,293.6,925.598,9.003,136.242,s09
2938,293.7,925.230,9.078,136.389,s09
2939,293.8,924.933,9.132,136.544,s09
2940,293.9,924.589,9.187,136.674,s09
2941,294.0,924.225,9.205,136.827,s09
2942,294.1,923.798,9.254,137.010,s09
2943,294.2,923.440,9.294,137.202,s09
2944,294.3,923.087,9.353,137.405,s09
2945,294.4,922.775,9.395,137.546,s09
2946,294.5,922.387,9.435,137.721,s09
2947,294.6,922.040,9.467,137.863,s09
2948,294.7,921.633,9.489,138.023,s09
2949,294.8,921.319,9.498,138.150,s09
2950,294.9,920.931,9.557,138.303,s09
2951,295.0,920.585,9.587,138.462,s09
2952,295.1,920.188,9.625,138.590,s09
2953,295.2,919.744,9.676,138.752,s09
2954,295.3,919.338,9.733,138.949,s09
2955,295.4,919.018,9.720,139.044,s09
2956,295.5,918.595,9.772,139.254,s09
2957,295.6,918.169,9.815,139.428,s09
2958,295.7,917.675,9.884,139.640,s09
2959,295.8,917.283,9.921,139.817,s09
2960,295.9,916.789,9.985,140.043,s09
2961,296.0,916.284,10.016,140.306,s09
2962,296.1,915.802,10.031,140.554,s09
2963,296.2,915.280,10.074,140.794,s09
2964,296.3,914.777,10.142,141.112,s09
2965,296.4,914.331,10.182,141.382,s09
2966,296.5,913.923,10.231,141.639,s09
2967,296.6,913.616,10.255,141.833,s09
2968,296.7,913.211,10.271,142.052,s09
2969,296.8,912.925,10.291,142.241,s09
2970,296.9,912.519,10.353,142.467,s09
2971,297.0,912.216,10.407,142.598,s09
2972,297.1,911.889,10.403,142.806,s09
2973,297.2,911.599,10.428,142.972,s09
2974,297.3,911.298,10.444,143.121,s09
2975,297.4,910.973,10.456,143.326,s09
2976,297.5,910.572,10.436,143.577,s09
2977,297.6,910.298,10.445,143.826,s09
2978,297.7,909.882,10.458,144.064,s09
2979,297.8,909.624,10.418,144.216,s09
2980,297.9,909.291,10.423,144.445,s09
2981,298.0,909.021,10.466,144.576,s09
2982,298.1,908.550,10.510,144.811,s09
2983,298.2,908.129,10.521,145.011,s09
2984,298.3,907.759,10.561,145.190,s09
2985,298.4,907.353,10.594,145.405,s09
2986,298.5,906.958,10.640,145.575,s09
2987,298.6,906.642,10.631,145.720,s09
2988,298.7,906.251,10.705,145.908,s09
2989,298.8,905.931,10.756,146.110,s09
2990,298.9,905.524,10.799,146.372,s09
2991,299.0,905.237,10.847,146.593,s09
2992,299.1,904.950,10.880,146.815,s09
2993,299.2,904.653,10.872,147.052,s09
2994,299.3,904.405,10.925,147.254,s09
2995,299.4,904.059,10.997,147.483,s09
2996,299.5,903.641,11.095,147.784,s09
2997,299.6,903.235,11.141,148.065,s09
2998,299.7,902.765,11.177,148.330,s09
2999,299.8,902.398,11.203,148.563,s09
3000,299.9,901.963,11.233,148.784,s09
3001,300.0,901.544,11.303,148.990,s09
3002,300.1,901.136,11.377,149.143,s09
3003,300.2,900.661,11.435,149.359,s09
3004,300.3,900.235,11.439,149.603,s09
3005,300.4,899.850,11.457,149.779,s09
3006,300.5,899.479,11.495,149.998,s09
3007,300.6,899.175,11.535,150.175,s09
3008,300.7,898.724,11.553,150.359,s09
3009,300.8,898.392,11.596,150.531,s09
3010,300.9,898.035,11.628,150.768,s09
3011,301.0,897.668,11.689,150.999,s09
3012,301.1,897.348,11.757,151.180,s09
3013,301.2,896.951,11.793,151.324,s09
3014,301.3,896.613,11.832,151.486,s09
3015,301.4,896.345,11.870,151.584,s09
3016,301.5,895.955,11.903,151.711,s09
3017,301.6,895.709,11.996,151.817,s09
3018,301.7,895.390,12.017,151.910,s09
3019,301.8,895.039,12.067,152.042,s09
3020,301.9,894.624,12.092,152.164,s09
3021,302.0,894.208,12.078,152.299,s09
3022,302.1,893.942,12.144,152.361,s09
3023,302.2,893.668,12.185,152.426,s09
3024,302.3,893.317,12.189,152.493,s09
3025,302.4,893.011,12.237,152.632,s09
3026,302.5,892.689,12.226,152.669,s09
3027,302.6,892.407,12.282,152.749,s09
3028,302.7,892.226,12.287,152.738,s09
3029,302.8,892.059,12.314,152.739,s09
3030,302.9,891.951,12.342,152.681,s09
3031,303.0,891.715,12.311,152.695,s09
3032,303.1,891.477,12.325,152.674,s09
3033,303.2,891.262,12.362,152.691,s09
3034,303.3,891.118,12.355,152.607,s09
3035,303.4,890.979,12.327,152.583,s09
3036,303.5,890.771,12.304,152.553,s09
3037,303.6,890.615,12.301,152.494,s09
3038,303.7,890.476,12.265,152.470,s09
3039,303.8,890.299,12.283,152.485,s09
3040,303.9,890.174,12.300,152.439,s09
3041,304.0,890.138,12.294,152.455,s09
3042,304.1,890.084,12.294,152.442,s09
3043,304.2,890.086,12.301,152.413,s09
3044,304.3,889.981,12.349,152.412,s09
3045,304.4,889.955,12.380,152.387,s09
3046,304.5,889.899,12.354,152.458,s09
3047,304.6,889.883,12.379,152.487,s09
3048,304.7,889.856,12.384,152.491,s09
3049,304.8,889.893,12.386,152.525,s09
3050,304.9,889.862,12.370,152.524,s09
3051,305.0,889.845,12.363,152.529,s09
3052,305.1,889.780,12.339,152.596,s09
3053,305.2,889.783,12.332,152.627,s09
3054,305.3,889.779,12.288,152.635,s09
3055,305.4,889.794,12.292,152.654,s09
3056,305.5,889.780,12.279,152.662,s09
3057,305.6,889.757,12.311,152.642,s09
3058,305.7,889.731,12.303,152.636,s09
3059,305.8,889.671,12.314,152.636,s09
3060,305.9,889.657,12.316,152.656,s09
3061,306.0,889.614,12.327,152.643,s09
3062,306.1,889.618,12.313,152.690,s09
3063,306.2,889.627,12.324,152.703,s09
3064,306.3,889.627,12.349,152.651,s09
3065,306.4,889.575,12.395,152.638,s09
3066,306.5,889.548,12.367,152.650,s09
3067,306.6,889.552,12.372,152.670,s09
3068,306.7,889.585,12.390,152.721,s09
3069,306.8,889.636,12.419,152.733,s09
3070,306.9,889.698,12.421,152.742,s09
3071,307.0,889.682,12.418,152.728,s09
3072,307.1,889.737,12.414,152.742,s09
3073,307.2,889.727,12.412,152.749,s09
3074,307.3,889.751,12.364,152.735,s09
3075,307.4,889.812,12.348,152.799,s09
3076,307.5,889.787,12.336,152.804,s09
3077,307.6,889.792,12.326,152.785,s09
3078,307.7,889.765,12.272,152.786,s09
3079,307.8,889.697,12.275,152.749,s09
3080,307.9,889.736,12.250,152.754,s09
3081,308.0,889.684,12.258,152.779,s09
3082,308.1,889.644,12.214,152.766,s09
3083,308.2,889.699,12.226,152.813,s09
3084,308.3,889.641,12.219,152.768,s09
3085,308.4,889.682,12.206,152.776,s09
3086,308.5,889.649,12.207,152.764,s09
3087,308.6,889.629,12.242,152.771,s09
3088,308.7,889.654,12.243,152.822,s09
3089,308.8,889.673,12.296,152.809,s09
3090,308.9,889.688,12.279,152.798,s09
3091,309.0,889.707,12.366,152.785,s09
3092,309.1,889.637,12.320,152.773,s09
3093,309.2,889.701,12.300,152.815,s09
3094,309.3,889.679,12.325,152.810,s09
3095,309.4,889.704,12.330,152.828,s09
3096,309.5,889.695,12.312,152.817,s09
3097,309.6,889.693,12.349,152.819,s09
3098,309.7,889.651,12.331,152.858,s09
3099,309.8,889.664,12.342,152.878,s09
3100,309.9,889.658,12.277,152.916,s09
3101,310.0,889.656,12.330,152.936,s09
3102,310.1,889.626,12.401,152.900,s09
3103,310.2,889.603,12.428,152.916,s09
3104,310.3,889.608,12.358,152.907,s09
3105,310.4,889.601,12.356,152.938,s09
3106,310.5,889.626,12.304,152.925,s09
3107,310.6,889.666,12.323,152.940,s09
3108,310.7,889.671,12.307,152.935,s09
3109,310.8,889.699,12.345,153.005,s09
3110,310.9,889.730,12.305,152.977,s09
3111,311.0,889.732,12.276,153.008,s09
3112,311.1,889.714,12.251,153.023,s09
3113,311.2,889.725,12.325,153.025,s09
3114,311.3,889.724,12.348,152.990,s09
3115,311.4,889.696,12.386,153.051,s09
3116,311.5,889.654,12.387,153.043,s09
3117,311.6,889.660,12.397,153.032,s09
3118,311.7,889.630,12.411,152.961,s09
3119,311.8,889.598,12.409,153.033,s09
3120,311.9,889.617,12.423,153.041,s09
3121,312.0,889.620,12.465,153.051,s09
3122,312.1,889.605,12.420,153.087,s09
3123,312.2,889.617,12.362,153.149,s09
3124,312.3,889.582,12.361,153.141,s09
3125,312.4,889.612,12.363,153.133,s09
3126,312.5,889.597,12.413,153.123,s09
3127,312.6,889.618,12.391,153.179,s09
3128,312.7,889.641,12.443,153.146,s09
3129,312.8,889.689,12.378,153.115,s09
3130,312.9,889.682,12.376,153.066,s09
3131,313.0,889.694,12.351,153.070,s09
3132,313.1,889.663,12.413,152.990,s09
3133,313.2,889.718,12.372,152.994,s09
3134,313.3,889.719,12.363,152.974,s09
3135,313.4,889.695,12.281,152.983,s09
3136,313.5,889.695,12.264,152.958,s09
3137,313.6,889.691,12.180,152.995,s09
3138,313.7,889.644,12.228,153.012,s09
3139,313.8,889.710,12.196,153.039,s09
3140,313.9,889.719,12.269,153.037,s09
3141,314.0,889.719,12.244,153.119,s09
3142,314.1,889.680,12.287,153.079,s09
3143,314.2,889.616,12.291,153.119,s09
3144,314.3,889.645,12.328,153.152,s09
3145,314.4,889.663,12.342,153.191,s09
3146,314.5,889.716,12.340,153.155,s09
3147,314.6,889.749,12.329,153.184,s09
3148,314.7,889.733,12.323,153.196,s09
3149,314.8,889.720,12.318,153.184,s09
3150,314.9,889.738,12.351,153.155,s09
3151,315.0,889.759,12.286,153.219,s09
3152,315.1,889.807,12.268,153.245,s09
3153,315.2,889.815,12.249,153.269,s09
3154,315.3,889.772,12.181,153.279,s09
3155,315.4,889.735,12.290,153.306,s09
3156,315.5,889.717,12.282,153.288,s09
3157,315.6,889.759,12.257,153.326,s09
3158,315.7,889.752,12.274,153.342,s09
3159,315.8,889.758,12.229,153.405,s09
3160,315.9,889.736,12.275,153.398,s09
3161,316.0,889.715,12.260,153.426,s09
3162,316.1,889.669,12.261,153.416,s09
3163,316.2,889.663,12.281,153.436,s09
3164,316.3,889.640,12.253,153.419,s09
3165,316.4,889.632,12.233,153.425,s09
3166,316.5,889.525,12.286,153.390,s09
3167,316.6,889.515,12.266,153.416,s09
3168,316.7,889.509,12.264,153.369,s09
3169,316.8,889.525,12.281,153.384,s09
3170,316.9,889.537,12.295,153.345,s09
3171,317.0,889.555,12.270,153.383,s09
3172,317.1,889.577,12.301,153.345,s09
3173,317.2,889.575,12.289,153.375,s09
3174,317.3,889.535,12.298,153.409,s09
3175,317.4,889.561,12.262,153.438,s09
3176,317.5,889.576,12.247,153.411,s09
3177,317.6,889.573,12.248,153.460,s09
3178,317.7,889.592,12.254,153.422,s09
3179,317.8,889.582,12.232,153.479,s09
3180,317.9,889.577,12.279,153.416,s09
3181,318.0,889.528,12.322,153.447,s09
3182,318.1,889.502,12.320,153.385,s09
3183,318.2,889.504,12.378,153.346,s09
3184,318.3,889.501,12.404,153.348,s09
3185,318.4,889.464,12.393,153.356,s09
3186,318.5,889.469,12.428,153.305,s09
3187,318.6,889.451,12.365,153.321,s09
3188,318.7,889.429,12.390,153.270,s09
3189,318.8,889.421,12.359,153.317,s09
3190,318.9,889.449,12.327,153.252,s09
3191,319.0,889.439,12.302,153.325,s09
3192,319.1,889.449,12.287,153.316,s09
3193,319.2,889.465,12.242,153.320,s09
3194,319.3,889.464,12.236,153.296,s09
3195,319.4,889.498,12.245,153.264,s09
3196,319.5,889.488,12.293,153.216,s09
3197,319.6,889.483,12.262,153.254,s09
3198,319.7,889.470,12.325,153.200,s09
3199,319.8,889.457,12.320,153.234,s09
3200,319.9,889.516,12.337,153.164,s09
3201,320.0,889.491,12.323,153.178,s09
3202,320.1,889.485,12.343,153.119,s09
3203,320.2,889.492,12.332,153.107,s09
3204,320.3,889.470,12.296,153.132,s09
3205,320.4,889.466,12.290,153.200,s09
3206,320.5,889.471,12.322,153.137,s09
3207,320.6,889.468,12.290,153.177,s09
3208,320.7,889.491,12.330,153.144,s09
3209,320.8,889.475,12.351,153.193,s09
3210,320.9,889.501,12.307,153.195,s09
3211,321.0,889.532,12.325,153.197,s09
3212,321.1,889.559,12.369,153.156,s09
3213,321.2,889.559,12.430,153.131,s09
3214,321.3,889.532,12.403,153.040,s09
3215,321.4,889.574,12.379,153.017,s09
3216,321.5,889.605,12.353,152.969,s09
3217,321.6,889.634,12.318,152.968,s09
3218,321.7,889.644,12.268,152.934,s09
3219,321.8,889.668,12.266,152.907,s09
3220,321.9,889.682,12.253,152.905,s09
3221,322.0,889.674,12.250,152.978,s09
3222,322.1,889.689,12.229,152.954,s09
3223,322.2,889.779,12.214,152.955,s09
3224,322.3,889.800,12.229,152.939,s09
3225,322.4,889.792,12.239,152.937,s09
3226,322.5,889.755,12.234,152.967,s09
3227,322.6,889.758,12.279,153.001,s09
3228,322.7,889.821,12.283,152.983,s09
3229,322.8,889.837,12.297,153.039,s09
3230,322.9,889.915,12.269,152.941,s09
3231,323.0,889.964,12.268,152.965,s09
3232,323.1,889.987,12.319,152.933,s09
3233,323.2,890.032,12.267,152.960,s09
3234,323.3,890.067,12.274,152.943,s09
3235,323.4,890.167,12.230,152.895,s09
3236,323.5,890.225,12.224,152.822,s09
3237,323.6,890.218,12.217,152.853,s09
3238,323.7,890.256,12.192,152.763,s09
3239,323.8,890.302,12.207,152.812,s09
3240,323.9,890.267,12.198,152.774,s09
3241,324.0,890.303,12.157,152.821,s09
3242,324.1,890.324,12.197,152.769,s09
3243,324.2,890.408,12.164,152.728,s09
3244,324.3,890.455,12.218,152.688,s09
3245,324.4,890.490,12.175,152.666,s09
3246,324.5,890.539,12.223,152.609,s09
3247,324.6,890.496,12.255,152.607,s09
3248,324.7,890.486,12.262,152.607,s09
3249,324.8,890.586,12.234,152.606,s09
3250,324.9,890.585,12.260,152.574,s09
3251,325.0,890.664,12.287,152.529,s09
3252,325.1,890.718,12.303,152.500,s09
3253,325.2,890.682,12.273,152.492,s09
3254,325.3,890.739,12.307,152.485,s09
3255,325.4,890.769,12.299,152.434,s09
3256,325.5,890.802,12.284,152.396,s09
3257,325.6,890.789,12.277,152.325,s09
3258,325.7,890.797,12.295,152.266,s09
3259,325.8,890.850,12.272,152.240,s09
3260,325.9,890.868,12.276,152.256,s09
3261,326.0,890.906,12.257,152.257,s09
3262,326.1,890.994,12.268,152.220,s09
3263,326.2,891.010,12.228,152.170,s09
3264,326.3,890.981,12.228,152.232,s09
3265,326.4,890.596,11.959,152.383,s09
3266,326.5,890.190,11.687,152.541,s09
3267,326.6,889.749,11.418,152.722,s09
3268,326.7,889.288,11.168,152.867,s09
3561,356.0,888.804,10.875,153.014,s11
3562,356.1,888.293,10.642,153.171,s11
3563,356.2,887.821,10.372,153.339,s11
3564,356.3,887.343,10.140,153.523,s11
3565,356.4,886.923,9.866,153.649,s11
3566,356.5,886.930,9.862,153.666,s11
3567,356.6,886.940,9.862,153.680,s11
3568,356.7,886.944,9.856,153.680,s11
3569,356.8,886.958,9.864,153.687,s11
3570,356.9,886.957,9.883,153.699,s11
3571,357.0,886.979,9.875,153.700,s11
3572,357.1,886.973,9.886,153.722,s11
3573,357.2,886.991,9.883,153.728,s11
3574,357.3,886.994,9.890,153.731,s11
3575,357.4,887.006,9.886,153.751,s11
3576,357.5,887.011,9.894,153.752,s11
3577,357.6,887.031,9.891,153.738,s11
3578,357.7,887.032,9.885,153.746,s11
3579,357.8,887.039,9.875,153.739,s11
3580,357.9,887.033,9.889,153.754,s11
3581,358.0,887.042,9.878,153.761,s11
3582,358.1,887.039,9.887,153.771,s11
3583,358.2,887.036,9.877,153.775,s11
3584,358.3,887.028,9.882,153.770,s11
3585,358.4,887.040,9.874,153.774,s11
3586,358.5,887.028,9.879,153.803,s11
3587,358.6,887.040,9.869,153.802,s11
3588,358.7,887.028,9.878,153.821,s11
3589,358.8,887.034,9.873,153.827,s11
3590,358.9,887.033,9.872,153.816,s11
3591,359.0,887.028,9.863,153.819,s11
3592,359.1,887.029,9.872,153.810,s11
3593,359.2,887.043,9.867,153.788,s11
3594,359.3,887.037,9.873,153.782,s11
3595,359.4,887.035,9.870,153.770,s11
3596,359.5,887.023,9.880,153.761,s11
3597,359.6,887.034,9.875,153.757,s11
3598,359.7,887.025,9.871,153.754,s11
3599,359.8,887.021,9.874,153.755,s11
3600,359.9,887.029,9.880,153.745,s11
3601,360.0,887.038,9.870,153.750,s11
3602,360.1,887.023,9.881,153.758,s11
3603,360.2,887.011,9.877,153.756,s11
3604,360.3,887.008,9.874,153.762,s11
3605,360.4,887.001,9.876,153.776,s11
3606,360.5,886.996,9.874,153.768,s11
3607,360.6,886.998,9.876,153.778,s11
3608,360.7,886.993,9.881,153.772,s11
3609,360.8,886.989,9.870,153.771,s11
3610,360.9,886.981,9.881,153.764,s11
3611,361.0,886.987,9.869,153.763,s11
3612,361.1,886.986,9.877,153.767,s11
3613,361.2,886.993,9.880,153.767,s11
3614,361.3,886.998,9.872,153.753,s11
3615,361.4,886.999,9.874,153.736,s11
3616,361.5,886.999,9.881,153.722,s11
3617,361.6,887.012,9.875,153.722,s11
3618,361.7,886.999,9.882,153.733,s11
3619,361.8,886.989,9.877,153.738,s11
3620,361.9,886.983,9.886,153.744,s11
3621,362.0,886.991,9.878,153.744,s11
3622,362.1,886.985,9.882,153.735,s11
3623,362.2,886.985,9.885,153.744,s11
3624,362.3,886.979,9.887,153.763,s11
3625,362.4,886.978,9.876,153.764,s11
3626,362.5,886.966,9.874,153.769,s11
3627,362.6,886.977,9.877,153.754,s11
3628,362.7,886.982,9.871,153.750,s11
3629,362.8,886.987,9.862,153.758,s11
3630,362.9,886.978,9.864,153.756,s11
3631,363.0,886.984,9.856,153.757,s11
3632,363.1,886.975,9.857,153.752,s11
3633,363.2,886.977,9.856,153.748,s11
3634,363.3,886.982,9.853,153.729,s11
3635,363.4,886.987,9.854,153.710,s11
3636,363.5,886.977,9.855,153.715,s11
3637,363.6,886.987,9.857,153.703,s11
3638,363.7,886.970,9.870,153.684,s11
3639,363.8,886.976,9.870,153.680,s11
3640,363.9,886.973,9.866,153.671,s11
3641,364.0,886.988,9.856,153.651,s11
3642,364.1,886.985,9.854,153.653,s11
3643,364.2,886.987,9.856,153.661,s11
3644,364.3,886.978,9.861,153.675,s11
3645,364.4,886.980,9.859,153.675,s11
3646,364.5,886.967,9.866,153.694,s11
3647,364.6,886.972,9.849,153.696,s11
3648,364.7,886.964,9.843,153.696,s11
3649,364.8,886.959,9.849,153.701,s11
3650,364.9,886.955,9.861,153.712,s11
3651,365.0,886.958,9.855,153.704,s11
3652,365.1,886.943,9.855,153.707,s11
3653,365.2,886.942,9.852,153.708,s11
3654,365.3,886.942,9.863,153.703,s11
3655,365.4,886.948,9.855,153.673,s11
3656,365.5,886.956,9.861,153.679,s11
3657,365.6,886.956,9.862,153.681,s11
3658,365.7,886.953,9.863,153.681,s11
3659,365.8,886.955,9.858,153.689,s11
3660,365.9,886.936,9.864,153.691,s11
3661,366.0,886.932,9.868,153.697,s11
3662,366.1,886.921,9.866,153.682,s11
3663,366.2,886.912,9.861,153.688,s11
3664,366.3,886.895,9.863,153.708,s11
3665,366.4,886.883,9.868,153.714,s11
3666,366.5,886.858,9.880,153.706,s11
3667,366.6,886.841,9.882,153.701,s11
3668,366.7,886.813,9.884,153.686,s11
3669,366.8,886.803,9.881,153.687,s11
3670,366.9,886.781,9.887,153.667,s11
3671,367.0,886.763,9.900,153.658,s11
3672,367.1,886.714,9.890,153.622,s11
3673,367.2,886.668,9.891,153.582,s11
3674,367.3,886.609,9.887,153.523,s11
3675,367.4,886.553,9.877,153.477,s11
3676,367.5,886.477,9.887,153.414,s11
3677,367.6,886.423,9.895,153.379,s11
3678,367.7,886.345,9.910,153.326,s11
3679,367.8,886.276,9.903,153.306,s11
3680,367.9,886.185,9.895,153.259,s11
3681,368.0,886.134,9.908,153.232,s11
3682,368.1,886.061,9.901,153.191,s11
3683,368.2,885.980,9.904,153.154,s11
3684,368.3,885.918,9.896,153.130,s11
3685,368.4,885.853,9.888,153.124,s11
3686,368.5,885.741,9.876,153.077,s11
3687,368.6,885.663,9.858,153.030,s11
3688,368.7,885.588,9.874,152.963,s11
3689,368.8,885.516,9.878,152.917,s11
3690,368.9,885.405,9.876,152.854,s11
3691,369.0,885.309,9.881,152.812,s11
3692,369.1,885.206,9.872,152.739,s11
3693,369.2,885.099,9.885,152.634,s11
3694,369.3,884.993,9.894,152.530,s11
3695,369.4,884.914,9.902,152.434,s11
3696,369.5,884.816,9.915,152.343,s11
3697,369.6,884.701,9.904,152.251,s11
3698,369.7,884.591,9.899,152.147,s11
3699,369.8,884.512,9.895,152.048,s11
3700,369.9,884.404,9.910,151.928,s11
3701,370.0,884.316,9.928,151.826,s11
3702,370.1,884.230,9.931,151.733,s11
3703,370.2,884.153,9.926,151.646,s11
3704,370.3,884.054,9.938,151.530,s11
3705,370.4,883.954,9.943,151.416,s11
3706,370.5,883.861,9.950,151.281,s11
3707,370.6,883.766,9.956,151.168,s11
3708,370.7,883.665,9.970,151.045,s11
3709,370.8,883.586,9.965,150.938,s11
3710,370.9,883.508,9.972,150.823,s11
3711,371.0,883.423,9.978,150.705,s11
3712,371.1,883.341,9.972,150.568,s11
3713,371.2,883.291,9.961,150.467,s11
3714,371.3,883.224,9.964,150.349,s11
3715,371.4,883.157,9.960,150.250,s11
3716,371.5,883.099,9.967,150.117,s11
3717,371.6,883.046,9.966,150.009,s11
3718,371.7,883.002,9.973,149.885,s11
3719,371.8,882.952,9.974,149.783,s11
3720,371.9,882.896,9.980,149.671,s11
3721,372.0,882.853,9.992,149.581,s11
3722,372.1,882.768,9.988,149.460,s11
3723,372.2,882.688,9.995,149.343,s11
3724,372.3,882.615,10.001,149.228,s11
3725,372.4,882.556,9.992,149.138,s11
3726,372.5,882.496,9.982,149.024,s11
3727,372.6,882.420,9.973,148.909,s11
3728,372.7,882.345,9.963,148.796,s11
3729,372.8,882.316,9.951,148.705,s11
3730,372.9,882.248,9.953,148.579,s11
3731,373.0,882.218,9.971,148.490,s11
3732,373.1,882.222,9.964,148.412,s11
3733,373.2,882.198,9.963,148.339,s11
3734,373.3,882.165,9.974,148.249,s11
3735,373.4,882.142,9.971,148.199,s11
3736,373.5,882.119,9.980,148.141,s11
3737,373.6,882.120,9.984,148.085,s11
3738,373.7,882.074,9.989,148.033,s11
3739,373.8,882.047,9.984,148.011,s11
3740,373.9,882.019,9.978,147.973,s11
3741,374.0,881.968,9.969,147.917,s11
3742,374.1,881.937,9.969,147.840,s11
3743,374.2,881.929,9.963,147.785,s11
3744,374.3,881.910,9.973,147.706,s11
3745,374.4,881.901,9.975,147.637,s11
3746,374.5,881.862,9.971,147.571,s11
3747,374.6,881.854,9.969,147.497,s11
3748,374.7,881.837,9.970,147.390,s11
3749,374.8,881.821,9.963,147.291,s11
3750,374.9,881.813,9.966,147.199,s11
3751,375.0,881.803,9.965,147.120,s11
3752,375.1,881.781,9.959,147.047,s11
3753,375.2,881.755,9.966,146.970,s11
3754,375.3,881.723,9.957,146.875,s11
3755,375.4,881.707,9.957,146.787,s11
3756,375.5,881.660,9.962,146.690,s11
3757,375.6,881.645,9.972,146.624,s11
3758,375.7,881.600,9.982,146.558,s11
3759,375.8,881.555,9.993,146.497,s11
3760,375.9,881.514,9.997,146.426,s11
3761,376.0,881.474,10.005,146.365,s11
3762,376.1,881.422,10.003,146.281,s11
3763,376.2,881.406,10.014,146.227,s11
3764,376.3,881.364,10.011,146.150,s11
3765,376.4,881.350,10.010,146.068,s11
3766,376.5,881.314,10.006,145.961,s11
3767,376.6,881.299,9.991,145.877,s11
3768,376.7,881.290,9.976,145.780,s11
3769,376.8,881.287,9.966,145.697,s11
3770,376.9,881.257,9.961,145.575,s11
3771,377.0,881.235,9.950,145.475,s11
3772,377.1,881.199,9.940,145.370,s11
3773,377.2,881.192,9.946,145.271,s11
3774,377.3,881.164,9.940,145.183,s11
3775,377.4,881.156,9.937,145.130,s11
3776,377.5,881.128,9.944,145.037,s11
3777,377.6,881.126,9.943,144.992,s11
3778,377.7,881.111,9.945,144.947,s11
3779,377.8,881.123,9.942,144.915,s11
3780,377.9,881.137,9.937,144.898,s11
3781,378.0,881.145,9.932,144.890,s11
3782,378.1,881.137,9.918,144.887,s11
3783,378.2,881.133,9.915,144.896,s11
3784,378.3,881.126,9.901,144.877,s11
3785,378.4,881.148,9.898,144.901,s11
3786,378.5,881.136,9.895,144.892,s11
3787,378.6,881.119,9.895,144.887,s11
3788,378.7,881.114,9.895,144.899,s11
3789,378.8,881.119,9.902,144.908,s11
3790,378.9,881.108,9.915,144.902,s11
3791,379.0,881.094,9.923,144.898,s11
3792,379.1,881.094,9.915,144.881,s11
3793,379.2,881.095,9.931,144.892,s11
3794,379.3,881.070,9.936,144.872,s11
3795,379.4,881.076,9.939,144.882,s11
3796,379.5,881.088,9.939,144.881,s11
3797,379.6,881.085,9.941,144.876,s11
3798,379.7,881.053,9.926,144.855,s11
3799,379.8,881.057,9.909,144.855,s11
3800,379.9,881.064,9.917,144.852,s11
3801,380.0,881.075,9.927,144.865,s11
3802,380.1,881.069,9.919,144.869,s11
3803,380.2,881.083,9.915,144.883,s11
3804,380.3,881.072,9.925,144.862,s11
3805,380.4,881.077,9.935,144.866,s11
3806,380.5,881.067,9.925,144.857,s11
3807,380.6,881.074,9.939,144.851,s11
3808,380.7,881.063,9.952,144.846,s11
3809,380.8,881.071,9.942,144.837,s11
3810,380.9,881.058,9.941,144.822,s11
3811,381.0,881.057,9.947,144.821,s11
3812,381.1,881.061,9.943,144.822,s11
3813,381.2,881.063,9.927,144.840,s11
3814,381.3,881.066,9.920,144.841,s11
3815,381.4,881.084,9.929,144.846,s11
3816,381.5,881.095,9.933,144.857,s11
3817,381.6,881.101,9.935,144.865,s11
3818,381.7,881.097,9.939,144.873,s11
3819,381.8,881.105,9.948,144.884,s11
3820,381.9,881.117,9.938,144.872,s11
3821,382.0,881.126,9.935,144.879,s11
3822,382.1,881.112,9.947,144.866,s11
3823,382.2,881.122,9.949,144.882,s11
3824,382.3,881.098,9.952,144.873,s11
3825,382.4,881.096,9.946,144.870,s11
3826,382.5,881.099,9.934,144.869,s11
3827,382.6,881.110,9.931,144.886,s11
3828,382.7,881.101,9.923,144.883,s11
3829,382.8,881.098,9.927,144.896,s11
3830,382.9,881.092,9.930,144.888,s11
3831,383.0,881.109,9.929,144.879,s11
3832,383.1,881.093,9.920,144.867,s11
3833,383.2,881.105,9.926,144.879,s11
3834,383.3,881.111,9.925,144.882,s11
3835,383.4,881.120,9.933,144.882,s11
3836,383.5,881.111,9.933,144.861,s11
3837,383.6,881.125,9.931,144.871,s11
3838,383.7,881.125,9.921,144.865,s11
3839,383.8,881.097,9.916,144.868,s11
3840,383.9,881.093,9.916,144.885,s11
3841,384.0,881.106,9.919,144.882,s11
3842,384.1,881.094,9.900,144.868,s11
3843,384.2,881.087,9.905,144.879,s11
3844,384.3,881.065,9.896,144.890,s11
3845,384.4,881.058,9.888,144.903,s11
3846,384.5,881.049,9.887,144.911,s11
3847,384.6,881.034,9.886,144.932,s11
3848,384.7,881.050,9.895,144.926,s11
3849,384.8,881.039,9.896,144.932,s11
3850,384.9,881.018,9.895,144.927,s11
3851,385.0,881.024,9.897,144.960,s11
3852,385.1,881.014,9.896,144.957,s11
3853,385.2,881.019,9.895,144.960,s11
3854,385.3,881.011,9.907,144.956,s11
3855,385.4,881.023,9.906,144.956,s11
3856,385.5,881.017,9.918,144.962,s11
3857,385.6,881.008,9.911,144.970,s11
3858,385.7,881.021,9.895,144.985,s11
3859,385.8,881.021,9.891,144.984,s11
3860,385.9,881.013,9.889,144.984,s11
3861,386.0,881.033,9.887,145.001,s11
3862,386.1,881.037,9.892,144.990,s11
3863,386.2,881.047,9.888,145.010,s11
3864,386.3,881.021,9.888,144.996,s11
3865,386.4,881.026,9.886,144.976,s11
3866,386.5,881.029,9.902,144.977,s11
3867,386.6,881.033,9.913,144.956,s11
3868,386.7,881.032,9.921,144.968,s11
3869,386.8,881.041,9.937,144.967,s11
3870,386.9,881.024,9.933,144.960,s11
3871,387.0,881.022,9.928,144.967,s11
3872,387.1,881.033,9.932,144.976,s11
3873,387.2,881.043,9.923,144.990,s11
3874,387.3,881.047,9.929,145.000,s11
3875,387.4,881.046,9.919,144.991,s11
3876,387.5,881.038,9.919,145.005,s11
3877,387.6,881.036,9.906,145.016,s11
3878,387.7,881.043,9.896,145.009,s11
3879,387.8,881.048,9.901,145.020,s11
3880,387.9,881.046,9.904,145.008,s11
3881,388.0,881.037,9.895,145.008,s11
3882,388.1,881.039,9.908,145.003,s11
3883,388.2,881.052,9.904,145.015,s11
3884,388.3,881.051,9.901,145.024,s11
3885,388.4,881.044,9.895,145.024,s11
3886,388.5,881.052,9.904,145.021,s11
3887,388.6,881.047,9.904,145.021,s11
3888,388.7,881.044,9.906,145.006,s11
3889,388.8,881.044,9.909,145.029,s11
3890,388.9,881.038,9.913,145.024,s11
3891,389.0,881.035,9.908,145.035,s11
3892,389.1,881.010,9.914,145.026,s11
3893,389.2,881.021,9.912,145.040,s11
3894,389.3,881.023,9.922,145.046,s11
3895,389.4,881.024,9.920,145.046,s11
3896,389.5,881.020,9.930,145.059,s11
3897,389.6,881.026,9.933,145.068,s11
3898,389.7,881.023,9.926,145.060,s11
3899,389.8,881.039,9.927,145.061,s11
3900,389.9,881.049,9.930,145.052,s11
3901,390.0,881.058,9.920,145.066,s11
3902,390.1,881.049,9.921,145.064,s11
3903,390.2,881.056,9.920,145.069,s11
3904,390.3,881.047,9.927,145.072,s11
3905,390.4,881.044,9.920,145.066,s11
3906,390.5,881.031,9.911,145.059,s11
3907,390.6,881.030,9.900,145.065,s11
3908,390.7,881.022,9.896,145.068,s11
3909,390.8,881.026,9.892,145.067,s11
3910,390.9,881.028,9.896,145.061,s11
3911,391.0,881.035,9.901,145.060,s11
3912,391.1,881.021,9.910,145.051,s11
3913,391.2,880.979,9.939,144.947,s11
3914,391.3,880.936,9.997,144.821,s11
3915,391.4,880.962,10.025,144.701,s11
3916,391.5,880.970,10.076,144.601,s11
3917,391.6,880.962,10.114,144.479,s12
3918,391.7,880.941,10.161,144.367,s12
3919,391.8,880.920,10.180,144.233,s12
3920,391.9,880.836,10.231,144.062,s12
3921,392.0,880.842,10.225,143.901,s12
3922,392.1,880.849,10.242,143.823,s12
3923,392.2,880.869,10.231,143.764,s12
3924,392.3,880.836,10.242,143.653,s12
3925,392.4,880.852,10.224,143.551,s12
3926,392.5,880.832,10.250,143.448,s12
3927,392.6,880.824,10.213,143.333,s12
3928,392.7,880.772,10.238,143.204,s12
3929,392.8,880.821,10.216,143.105,s12
3930,392.9,880.753,10.250,142.996,s12
3931,393.0,880.767,10.260,142.852,s12
3932,393.1,880.762,10.244,142.695,s12
3933,393.2,880.786,10.215,142.545,s12
3934,393.3,880.677,10.239,142.394,s12
3935,393.4,880.659,10.189,142.193,s12
3936,393.5,880.623,10.208,142.025,s12
3937,393.6,880.541,10.204,141.904,s12
3938,393.7,880.466,10.208,141.712,s12
3939,393.8,880.477,10.211,141.498,s12
3940,393.9,880.434,10.191,141.305,s12
3941,394.0,880.332,10.198,141.154,s12
3942,394.1,880.230,10.229,140.993,s12
3943,394.2,880.175,10.227,140.779,s12
3944,394.3,880.111,10.262,140.585,s12
3945,394.4,880.065,10.274,140.361,s12
3946,394.5,880.099,10.262,140.124,s12
3947,394.6,880.089,10.266,139.895,s12
3948,394.7,880.001,10.269,139.652,s12
3949,394.8,879.892,10.259,139.432,s12
3950,394.9,879.842,10.253,139.138,s12
3951,395.0,879.744,10.245,138.922,s12
3952,395.1,879.712,10.247,138.673,s12
3953,395.2,879.653,10.245,138.407,s12
3954,395.3,879.574,10.241,138.130,s12
3955,395.4,879.510,10.207,137.825,s12
3956,395.5,879.376,10.187,137.575,s12
3957,395.6,879.299,10.151,137.384,s12
3958,395.7,879.247,10.164,137.103,s12
3959,395.8,879.196,10.139,136.868,s12
3960,395.9,879.158,10.119,136.529,s12
3961,396.0,879.097,10.086,136.249,s12
3962,396.1,879.002,10.042,135.994,s12
3963,396.2,878.928,10.046,135.753,s12
3964,396.3,878.844,10.065,135.536,s12
3965,396.4,878.811,10.047,135.335,s12
3966,396.5,878.766,10.050,134.980,s12
3967,396.6,878.710,10.015,134.714,s12
3968,396.7,878.675,10.033,134.457,s12
3969,396.8,878.578,10.011,134.280,s12
3970,396.9,878.474,10.021,134.015,s12
3971,397.0,878.369,10.048,133.834,s12
3972,397.1,878.339,10.022,133.552,s12
3973,397.2,878.302,9.997,133.271,s12
3974,397.3,878.228,10.011,132.860,s12
3975,397.4,878.148,10.002,132.653,s12
3976,397.5,878.076,10.000,132.404,s12
3977,397.6,877.965,9.977,132.094,s12
3978,397.7,877.944,10.052,131.728,s12
3979,397.8,877.977,10.074,131.404,s12
3980,397.9,878.029,10.084,130.963,s12
3981,398.0,877.918,10.001,130.696,s12
3982,398.1,877.841,10.033,130.360,s12
3983,398.2,877.781,10.007,130.106,s12
3984,398.3,877.718,10.062,129.723,s12
3985,398.4,877.742,10.083,129.403,s12
3986,398.5,877.768,10.111,129.171,s12
3987,398.6,877.638,10.109,128.881,s12
3988,398.7,877.578,10.058,128.620,s12
3989,398.8,877.533,9.997,128.418,s12
3990,398.9,877.445,10.068,128.141,s12
3991,399.0,877.438,10.000,128.066,s12
3992,399.1,877.374,9.985,127.777,s12
3993,399.2,877.248,9.875,127.612,s12
3994,399.3,877.061,9.904,127.431,s12
3995,399.4,876.869,9.932,127.173,s12
3996,399.5,876.816,9.891,126.934,s12
3997,399.6,876.642,9.898,126.625,s12
3998,399.7,876.401,9.933,126.322,s12
3999,399.8,876.248,9.884,126.039,s12
4000,399.9,876.088,9.879,125.643,s12
4001,400.0,875.955,9.805,125.335,s12
4002,400.1,875.932,9.862,124.940,s12
4003,400.2,875.847,9.793,124.496,s12
4004,400.3,875.827,9.752,124.046,s12
4005,400.4,875.757,9.734,123.795,s12
4006,400.5,875.699,9.730,123.534,s12
4007,400.6,875.686,9.644,123.160,s12
4008,400.7,875.715,9.664,122.701,s12
4009,400.8,875.651,9.715,122.269,s12
4010,400.9,875.588,9.803,121.880,s12
4011,401.0,875.519,9.789,121.583,s12
4012,401.1,875.496,9.816,121.322,s12
4013,401.2,875.364,9.762,120.996,s12
4014,401.3,875.314,9.742,120.550,s12
4015,401.4,875.200,9.711,120.168,s12
4016,401.5,875.063,9.729,119.869,s12
4017,401.6,874.946,9.722,119.732,s12
4018,401.7,874.858,9.729,119.403,s12
4019,401.8,874.810,9.717,119.343,s12
4020,401.9,874.716,9.757,119.095,s12
4021,402.0,874.571,9.720,118.805,s12
4022,402.1,874.568,9.754,118.655,s12
4023,402.2,874.457,9.726,118.445,s12
4024,402.3,874.426,9.726,118.133,s12
4025,402.4,874.516,9.763,117.965,s12
4026,402.5,874.471,9.770,117.674,s12
4027,402.6,874.486,9.740,117.565,s12
4028,402.7,874.429,9.736,117.167,s12
4029,402.8,874.349,9.650,116.768,s12
4030,402.9,874.301,9.678,116.325,s12
4031,403.0,874.161,9.632,115.936,s12
4032,403.1,874.125,9.643,115.536,s12
4033,403.2,874.030,9.624,115.260,s12
4034,403.3,873.830,9.594,114.806,s12
4035,403.4,873.720,9.551,114.510,s12
4036,403.5,873.525,9.549,113.933,s12
4037,403.6,873.394,9.521,113.610,s12
4038,403.7,873.349,9.539,113.227,s12
4039,403.8,873.326,9.514,112.987,s12
4040,403.9,873.254,9.494,112.475,s12
4041,404.0,873.188,9.544,112.214,s12
4042,404.1,873.117,9.596,111.863,s12
4043,404.2,873.120,9.660,111.619,s12
4044,404.3,873.095,9.670,111.155,s12
4045,404.4,873.097,9.693,110.983,s12
4046,404.5,873.046,9.719,110.540,s12
4047,404.6,872.998,9.683,110.247,s12
4048,404.7,872.993,9.694,109.883,s12
4049,404.8,873.004,9.760,109.586,s12
4050,404.9,872.909,9.730,109.107,s12
4051,405.0,872.968,9.718,108.762,s12
4052,405.1,872.905,9.662,108.175,s12
4053,405.2,872.881,9.687,107.761,s12
4054,405.3,872.764,9.694,107.120,s12
4055,405.4,872.797,9.651,106.757,s12
4056,405.5,872.652,9.638,106.311,s12
4057,405.6,872.443,9.566,105.895,s12
4058,405.7,872.331,9.523,105.469,s12
4059,405.8,872.386,9.546,105.031,s12
4060,405.9,872.251,9.563,104.535,s12
4061,406.0,872.170,9.570,104.293,s12
4062,406.1,872.015,9.580,103.881,s12
4063,406.2,871.965,9.547,103.591,s12
4064,406.3,871.941,9.532,103.216,s12
4065,406.4,871.958,9.540,102.983,s12
4066,406.5,871.835,9.583,102.532,s12
4067,406.6,871.809,9.511,102.238,s12
4068,406.7,871.620,9.431,101.741,s12
4069,406.8,871.657,9.381,101.338,s12
4070,406.9,871.642,9.408,100.818,s12
4071,407.0,871.738,9.353,100.462,s12
4072,407.1,871.698,9.312,99.986,s12
4073,407.2,871.556,9.353,99.575,s12
4074,407.3,871.526,9.371,98.996,s12
4075,407.4,871.512,9.294,98.593,s12
4076,407.5,871.500,9.275,98.188,s12
4077,407.6,871.528,9.259,98.046,s12
4078,407.7,871.257,9.247,97.609,s12
4079,407.8,871.061,9.162,97.131,s12
4080,407.9,870.876,9.181,96.515,s12
4081,408.0,870.798,9.171,96.064,s12
4082,408.1,870.740,9.155,95.594,s12
4083,408.2,870.576,9.111,95.025,s12
4084,408.3,870.486,9.113,94.455,s12
4085,408.4,870.240,9.108,93.783,s12
4086,408.5,870.034,9.155,93.031,s12
4087,408.6,869.956,9.133,92.471,s12
4088,408.7,869.861,9.141,92.036,s12
4089,408.8,869.732,9.071,91.539,s12
4090,408.9,869.563,9.013,91.041,s12
4091,409.0,869.382,8.956,90.590,s12
4092,409.1,869.252,8.957,90.152,s12
4093,409.2,869.162,8.950,89.630,s12
4094,409.3,869.093,8.973,89.097,s12
4095,409.4,868.956,8.819,88.701,s12
4096,409.5,868.908,8.781,88.181,s12
4097,409.6,868.866,8.722,87.569,s12
4098,409.7,868.799,8.731,87.125,s12
4099,409.8,868.763,8.756,86.623,s12
4100,409.9,868.751,8.743,85.857,s12
4101,410.0,868.776,8.713,85.253,s12
4102,410.1,868.822,8.698,84.770,s12
4103,410.2,868.844,8.681,84.337,s12
4104,410.3,868.924,8.783,83.716,s12
4105,410.4,868.991,8.739,83.227,s12
4106,410.5,869.102,8.745,82.727,s12
4107,410.6,869.216,8.770,82.184,s12
4108,410.7,869.227,8.766,81.580,s12
4109,410.8,869.337,8.784,81.138,s12
4110,410.9,869.423,8.787,80.704,s12
4111,411.0,869.502,8.767,80.288,s12
4112,411.1,869.619,8.798,79.882,s12
4113,411.2,869.739,8.731,79.624,s12
4114,411.3,869.793,8.799,79.187,s12
4115,411.4,869.873,8.837,78.774,s12
4116,411.5,869.984,8.805,78.340,s12
4117,411.6,870.159,8.808,78.023,s12
4118,411.7,870.344,8.791,77.593,s12
4119,411.8,870.546,8.762,77.172,s12
4120,411.9,870.842,8.745,76.707,s12
4121,412.0,871.011,8.650,76.217,s12
4122,412.1,871.257,8.636,75.580,s12
4123,412.2,871.592,8.574,75.119,s12
4124,412.3,871.872,8.515,74.630,s12
4125,412.4,872.138,8.448,74.141,s12
4126,412.5,872.483,8.388,73.580,s12
4127,412.6,872.649,8.373,73.140,s12
4128,412.7,872.952,8.340,72.722,s12
4129,412.8,873.116,8.367,72.383,s12
4130,412.9,873.423,8.407,71.952,s12
4131,413.0,873.719,8.387,71.702,s12
4132,413.1,874.021,8.354,71.281,s12
4133,413.2,874.252,8.305,70.982,s12
4134,413.3,874.589,8.368,70.645,s12
4135,413.4,874.841,8.388,70.431,s12
4136,413.5,875.227,8.337,70.148,s12
4137,413.6,875.458,8.392,69.854,s12
4138,413.7,875.774,8.333,69.452,s12
4139,413.8,876.041,8.312,69.179,s12
4140,413.9,876.335,8.351,68.690,s12
4141,414.0,876.504,8.375,68.354,s12
4142,414.1,876.781,8.432,68.033,s12
4143,414.2,876.996,8.419,67.845,s12
4144,414.3,877.308,8.428,67.428,s12
4145,414.4,877.484,8.427,67.061,s12
4146,414.5,877.854,8.409,66.532,s12
4147,414.6,878.065,8.428,66.107,s12
4148,414.7,878.416,8.440,65.646,s12
4149,414.8,878.722,8.450,65.313,s12
4150,414.9,879.062,8.456,65.024,s12
4151,415.0,879.349,8.472,64.681,s12
4152,415.1,879.761,8.450,64.105,s12
4153,415.2,880.123,8.429,63.750,s12
4154,415.3,880.509,8.474,63.240,s12
4155,415.4,880.664,8.447,62.999,s12
4156,415.5,881.102,8.408,62.590,s12
4157,415.6,881.465,8.354,62.181,s12
4158,415.7,881.756,8.344,61.838,s12
4159,415.8,882.092,8.269,61.449,s12
4160,415.9,882.423,8.241,61.040,s12
4161,416.0,882.693,8.268,60.741,s12
4162,416.1,882.909,8.276,60.410,s12
4163,416.2,883.191,8.308,60.271,s12
4164,416.3,883.536,8.334,59.930,s12
4165,416.4,883.775,8.380,59.767,s12
4166,416.5,883.934,8.369,59.518,s12
4167,416.6,884.053,8.368,59.381,s12
4168,416.7,884.243,8.415,59.140,s12
4169,416.8,884.367,8.401,58.928,s12
4170,416.9,884.534,8.364,58.773,s12
4171,417.0,884.769,8.323,58.603,s12
4172,417.1,884.986,8.269,58.343,s12
4173,417.2,885.250,8.235,58.181,s12
4174,417.3,885.437,8.168,57.838,s12
4175,417.4,885.646,8.184,57.619,s12
4176,417.5,885.951,8.108,57.267,s12
4177,417.6,886.126,8.098,57.083,s12
4178,417.7,886.461,8.096,56.868,s12
4179,417.8,886.605,8.054,56.639,s12
4180,417.9,886.790,8.060,56.433,s12
4181,418.0,886.932,8.033,56.247,s12
4182,418.1,887.098,8.006,56.001,s12
4183,418.2,887.240,8.041,55.976,s12
4184,418.3,887.463,8.059,55.968,s12
4185,418.4,887.655,8.112,55.830,s12
4186,418.5,887.900,8.114,55.672,s12
4187,418.6,887.977,8.087,55.623,s12
4188,418.7,888.165,8.087,55.527,s12
4189,418.8,888.350,8.100,55.441,s12
4190,418.9,888.633,8.102,55.360,s12
4191,419.0,888.798,8.107,55.297,s12
4192,419.1,889.046,8.131,55.136,s12
4193,419.2,889.171,8.039,54.897,s12
4194,419.3,889.350,8.015,54.770,s12
4195,419.4,889.437,8.020,54.765,s12
4196,419.5,889.628,8.010,54.538,s12
4197,419.6,889.761,8.024,54.457,s12
4198,419.7,889.973,7.990,54.207,s12
4199,419.8,890.020,7.984,54.082,s12
4200,419.9,890.288,7.945,53.915,s12
4201,420.0,890.463,7.860,53.747,s12
4202,420.1,890.854,7.929,53.612,s12
4203,420.2,890.994,7.938,53.512,s12
4204,420.3,891.269,7.874,53.329,s12
4205,420.4,891.461,7.892,53.209,s12
4206,420.5,891.706,7.878,53.012,s12
4207,420.6,891.788,7.863,52.889,s12
4208,420.7,892.001,7.857,52.672,s12
4209,420.8,892.051,7.889,52.589,s12
4210,420.9,892.298,7.950,52.353,s12
4211,421.0,892.312,7.969,52.287,s12
4212,421.1,892.674,7.909,51.996,s12
4213,421.2,892.963,7.946,51.600,s12
4214,421.3,893.361,7.912,51.264,s12
4215,421.4,893.584,7.911,51.042,s12
4216,421.5,893.953,7.896,50.899,s12
4217,421.6,894.406,7.893,50.578,s12
4218,421.7,894.853,7.893,50.224,s12
4219,421.8,895.196,7.880,49.990,s12
4220,421.9,895.489,7.835,49.663,s12
4221,422.0,895.668,7.876,49.460,s12
4222,422.1,895.990,7.902,49.396,s12
4223,422.2,896.253,7.925,49.330,s12
4224,422.3,896.703,7.933,49.091,s12
4225,422.4,896.958,7.906,48.784,s12
4226,422.5,897.290,7.878,48.510,s12
4227,422.6,897.573,7.851,48.216,s12
4228,422.7,897.805,7.852,48.112,s12
4229,422.8,898.129,7.884,47.913,s12
4230,422.9,898.600,7.864,47.704,s12
4231,423.0,898.888,7.835,47.431,s12
4232,423.1,899.298,7.753,47.173,s12
4233,423.2,899.616,7.717,46.932,s12
4234,423.3,900.060,7.734,46.667,s12
4235,423.4,900.283,7.707,46.476,s12
4236,423.5,900.613,7.690,46.295,s12
4237,423.6,900.949,7.646,45.850,s12
4238,423.7,901.437,7.560,45.549,s12
4239,423.8,901.653,7.517,45.206,s12
4240,423.9,901.942,7.397,44.774,s12
4241,424.0,902.161,7.430,44.433,s12
4242,424.1,902.414,7.397,44.052,s12
4243,424.2,902.699,7.377,43.774,s12
4244,424.3,903.160,7.314,43.472,s12
4245,424.4,903.524,7.308,43.146,s12
4246,424.5,903.900,7.245,42.905,s12
4247,424.6,904.218,7.196,42.561,s12
4248,424.7,904.618,7.154,42.384,s12
4249,424.8,905.015,7.197,42.131,s12
4250,424.9,905.488,7.093,41.800,s12
4251,425.0,905.843,6.990,41.643,s12
4252,425.1,906.281,6.990,41.243,s12
4253,425.2,906.449,7.016,40.999,s12
4254,425.3,906.820,7.033,40.755,s12
4255,425.4,907.033,6.951,40.554,s12
4256,425.5,907.450,6.938,40.263,s12
4257,425.6,907.868,6.970,39.947,s12
4258,425.7,908.276,6.895,39.728,s12
4259,425.8,908.645,6.893,39.252,s12
4260,425.9,909.101,6.846,38.701,s12
4261,426.0,909.282,6.848,38.412,s12
4262,426.1,909.814,6.800,37.975,s12
4263,426.2,910.071,6.728,37.669,s12
4264,426.3,910.477,6.779,37.174,s12
4265,426.4,910.902,6.785,36.780,s12
4266,426.5,911.200,6.733,36.332,s12
4267,426.6,911.637,6.740,35.911,s12
4268,426.7,911.889,6.761,35.672,s12
4269,426.8,912.212,6.805,35.416,s12
4270,426.9,912.771,6.650,34.961,s12
4271,427.0,913.128,6.578,34.578,s12
4272,427.1,913.634,6.460,34.106,s12
4273,427.2,914.090,6.302,33.779,s12
4274,427.3,914.361,6.247,33.424,s13
4275,427.4,914.731,6.140,33.024,s13
4276,427.5,914.897,6.072,32.616,s13
4277,427.6,915.280,5.936,32.252,s13
4278,427.7,915.600,5.913,31.858,s13
4279,427.8,915.886,5.870,31.670,s13
4280,427.9,916.083,5.862,31.437,s13
4281,428.0,916.367,5.748,31.121,s13
4282,428.1,916.652,5.824,30.756,s13
4283,428.2,916.871,5.711,30.429,s13
4284,428.3,917.015,5.674,30.184,s13
4285,428.4,917.245,5.597,29.989,s13
4286,428.5,917.419,5.588,29.701,s13
4287,428.6,917.637,5.519,29.363,s13
4288,428.7,917.695,5.555,28.950,s13
4289,428.8,917.799,5.521,28.642,s13
4290,428.9,917.777,5.550,28.381,s13
4291,429.0,917.888,5.425,28.124,s13
4292,429.1,917.860,5.481,27.924,s13
4293,429.2,917.974,5.440,27.521,s13
4294,429.3,918.046,5.446,27.145,s13
4295,429.4,918.067,5.356,26.883,s13
4296,429.5,917.945,5.378,26.571,s13
4297,429.6,917.928,5.317,26.325,s13
4298,429.7,917.928,5.315,25.943,s13
4299,429.8,917.889,5.235,25.525,s13
4300,429.9,917.788,5.323,25.221,s13
4301,430.0,917.838,5.214,24.800,s13
4302,430.1,917.850,5.240,24.646,s13
4303,430.2,917.811,5.173,24.177,s13
4304,430.3,917.731,5.216,23.793,s13
4305,430.4,917.739,5.174,23.556,s13
4306,430.5,917.713,5.194,23.208,s13
4307,430.6,917.610,5.166,22.878,s13
4308,430.7,917.519,5.218,22.598,s13
4309,430.8,917.326,5.184,22.136,s13
4310,430.9,917.226,5.259,21.870,s13
4311,431.0,917.036,5.221,21.326,s13
4312,431.1,916.880,5.317,21.257,s13
4313,431.2,916.759,5.363,20.950,s13
4314,431.3,916.585,5.388,20.520,s13
4315,431.4,916.445,5.370,20.183,s13
4316,431.5,916.396,5.380,19.887,s13
4317,431.6,916.265,5.326,19.550,s13
4318,431.7,916.311,5.371,19.397,s13
4319,431.8,916.085,5.348,19.161,s13
4320,431.9,915.956,5.403,19.081,s13
4321,432.0,915.882,5.300,18.727,s13
4322,432.1,915.780,5.305,18.499,s13
4323,432.2,915.737,5.266,18.368,s13
4324,432.3,915.670,5.208,18.226,s13
4325,432.4,915.483,5.090,18.004,s13
4326,432.5,915.381,5.171,17.902,s13
4327,432.6,915.220,5.151,17.636,s13
4328,432.7,915.123,5.169,17.263,s13
4329,432.8,914.950,5.075,17.016,s13
4330,432.9,914.841,5.179,16.855,s13
4331,433.0,914.680,5.114,16.637,s13
4332,433.1,914.638,5.109,16.436,s13
4333,433.2,914.443,4.973,16.154,s13
4334,433.3,914.320,4.969,15.800,s13
4335,433.4,914.117,4.800,15.334,s13
4336,433.5,914.065,4.788,15.138,s13
4337,433.6,913.665,4.750,14.798,s13
4338,433.7,913.389,4.818,14.516,s13
4339,433.8,912.945,4.676,14.003,s13
4340,433.9,912.661,4.540,13.643,s13
4341,434.0,912.134,4.491,13.200,s13
4342,434.1,911.766,4.510,12.652,s13
4343,434.2,911.296,4.492,12.365,s13
4344,434.3,911.135,4.443,12.222,s13
4345,434.4,910.564,4.240,11.822,s13
4346,434.5,910.298,4.196,11.632,s13
4347,434.6,910.010,4.229,11.237,s13
4348,434.7,909.832,4.385,11.188,s13
4349,434.8,909.520,4.450,10.920,s13
4350,434.9,909.352,4.487,10.770,s13
4351,435.0,908.960,4.666,10.672,s13
4352,435.1,908.964,4.698,10.655,s13
4353,435.2,908.448,4.853,10.335,s13
4354,435.3,908.297,5.007,10.142,s13
4355,435.4,908.266,4.983,9.995,s13
4356,435.5,907.944,4.896,9.958,s13
4357,435.6,907.359,4.804,9.669,s13
4358,435.7,907.160,4.946,9.502,s13
4359,435.8,906.661,4.909,9.188,s13
4360,435.9,906.564,4.789,9.131,s13
4361,436.0,906.156,4.729,8.843,s13
4362,436.1,905.800,4.760,8.670,s13
4363,436.2,905.316,4.667,8.586,s13
4364,436.3,904.912,4.592,8.408,s13
4365,436.4,904.513,4.553,8.122,s13
4366,436.5,904.543,4.576,8.082,s13
4367,436.6,903.969,4.400,7.900,s13
4368,436.7,903.851,4.393,7.974,s13
4369,436.8,903.284,4.290,7.898,s13
4370,436.9,902.938,4.449,7.713,s13
4371,437.0,902.655,4.267,7.659,s13
4372,437.1,902.270,4.280,7.393,s13
4373,437.2,901.855,4.437,7.307,s13
4374,437.3,901.612,4.444,7.144,s13
4375,437.4,900.978,4.393,6.969,s13
4376,437.5,900.741,4.403,6.881,s13
4377,437.6,900.046,4.484,6.652,s13
4378,437.7,899.957,4.487,6.466,s13
4379,437.8,899.204,4.229,6.502,s13
4380,437.9,898.715,4.296,6.374,s13
4381,438.0,898.278,4.263,6.371,s13
4382,438.1,897.691,4.091,6.279,s13
4383,438.2,897.364,4.035,6.279,s13
4384,438.3,896.878,4.021,6.148,s13
4385,438.4,896.335,4.128,6.080,s13
4386,438.5,896.146,4.127,6.005,s13
4387,438.6,895.392,4.217,5.928,s13
4388,438.7,894.896,4.388,5.800,s13
4389,438.8,894.505,4.521,6.016,s13
4390,438.9,894.217,4.705,6.060,s13
4391,439.0,893.867,4.851,6.257,s13
4392,439.1,893.465,5.075,6.308,s13
4393,439.2,893.267,5.070,6.343,s13
4394,439.3,892.929,5.081,6.559,s13
4395,439.4,892.269,5.018,6.866,s13
4396,439.5,891.921,4.951,7.048,s13
4397,439.6,891.659,4.814,7.183,s13
4398,439.7,891.192,4.819,7.103,s13
4399,439.8,890.549,4.678,7.344,s13
4400,439.9,889.999,4.680,7.452,s13
4401,440.0,889.197,4.593,7.649,s13
4402,440.1,888.569,4.652,7.923,s13
4403,440.2,888.144,4.571,7.997,s13
4404,440.3,887.895,4.539,8.151,s13
4405,440.4,887.313,4.725,8.360,s13
4406,440.5,886.767,4.805,8.648,s13
4407,440.6,886.395,4.724,8.921,s13
4408,440.7,886.151,4.691,8.963,s13
4409,440.8,885.673,4.640,8.923,s13
4410,440.9,885.364,4.598,9.136,s13
4411,441.0,884.878,4.575,9.260,s13
4412,441.1,884.558,4.530,9.238,s13
4413,441.2,883.940,4.522,9.055,s13
4414,441.3,883.513,4.486,9.080,s13
4415,441.4,883.027,4.540,9.062,s13
4416,441.5,882.501,4.599,9.038,s13
4417,441.6,881.750,4.622,9.067,s13
4418,441.7,881.415,4.587,9.026,s13
4419,441.8,880.734,4.540,8.888,s13
4420,441.9,880.438,4.523,9.019,s13
4421,442.0,879.678,4.628,9.364,s13
4422,442.1,879.291,4.547,9.470,s13
4423,442.2,878.724,4.390,9.613,s13
4424,442.3,878.301,4.368,9.607,s13
4425,442.4,877.681,4.315,9.758,s13
4426,442.5,877.288,4.145,9.923,s13
4427,442.6,876.717,4.229,10.306,s13
4428,442.7,876.359,4.264,10.585,s13
4429,442.8,875.646,4.268,10.767,s13
4430,442.9,875.078,4.224,10.725,s13
4431,443.0,874.359,4.311,10.994,s13
4432,443.1,873.981,4.472,11.202,s13
4433,443.2,873.523,4.410,11.485,s13
4434,443.3,873.022,4.363,11.598,s13
4435,443.4,872.322,4.543,11.750,s13
4436,443.5,871.630,4.427,11.785,s13
4437,443.6,871.061,4.366,11.843,s13
4438,443.7,870.427,4.207,12.094,s13
4439,443.8,869.892,4.181,12.447,s13
4440,443.9,869.328,4.035,12.828,s13
4441,444.0,868.395,3.855,13.017,s13
4442,444.1,867.679,3.826,13.255,s13
4443,444.2,866.874,3.748,13.589,s13
4444,444.3,866.536,3.619,13.922,s13
4445,444.4,865.799,3.600,14.251,s13
4446,444.5,865.045,3.418,14.665,s13
4447,444.6,864.349,3.484,14.774,s13
4448,444.7,863.486,3.323,15.106,s13
4449,444.8,862.817,3.332,15.113,s13
4450,444.9,862.290,3.224,15.440,s13
4451,445.0,861.829,3.209,15.674,s13
4452,445.1,861.441,3.170,16.044,s13
4453,445.2,860.640,3.189,16.098,s13
4454,445.3,860.286,3.126,16.393,s13
4455,445.4,859.784,3.242,16.523,s13
4456,445.5,859.552,3.166,16.840,s13
4457,445.6,859.177,3.218,16.997,s13
4458,445.7,858.886,3.118,17.240,s13
4459,445.8,858.376,3.232,17.566,s13
4460,445.9,858.016,3.133,17.876,s13
4461,446.0,857.322,3.198,18.122,s13
4462,446.1,856.905,3.098,18.599,s13
4463,446.2,856.500,3.121,18.751,s13
4464,446.3,856.102,3.010,19.241,s13
4465,446.4,855.261,3.053,19.331,s13
4466,446.5,854.881,3.016,19.601,s13
4467,446.6,854.097,3.128,19.875,s13
4468,446.7,853.859,3.108,19.974,s13
4469,446.8,853.173,3.151,20.063,s13
4470,446.9,852.791,3.133,20.060,s13
4471,447.0,852.012,3.270,20.238,s13
4472,447.1,851.299,3.166,20.482,s13
4473,447.2,850.550,3.272,20.428,s13
4474,447.3,850.180,3.246,20.650,s13
4475,447.4,849.275,3.328,20.766,s13
4476,447.5,848.875,3.302,20.971,s13
4477,447.6,847.900,3.356,21.053,s13
4478,447.7,847.410,3.395,21.415,s13
4479,447.8,846.578,3.448,21.709,s13
4480,447.9,846.006,3.382,21.844,s13
4481,448.0,845.416,3.482,22.074,s13
4482,448.1,844.578,3.407,22.448,s13
4483,448.2,843.782,3.388,22.827,s13
4484,448.3,843.249,3.244,23.175,s13
4485,448.4,842.428,3.242,23.433,s13
4486,448.5,841.747,3.142,23.747,s13
4487,448.6,840.825,3.105,23.913,s13
4488,448.7,840.271,2.957,24.139,s13
4489,448.8,839.426,2.922,24.467,s13
4490,448.9,838.543,2.873,24.714,s13
4491,449.0,838.066,2.858,24.940,s13
4492,449.1,837.315,2.792,25.145,s13
4493,449.2,836.637,2.839,25.234,s13
4494,449.3,836.057,2.786,25.449,s13
4495,449.4,835.406,2.831,25.601,s13
4496,449.5,834.805,2.847,25.785,s13
4497,449.6,834.093,2.815,26.022,s13
4498,449.7,833.635,2.688,26.306,s13
4499,449.8,832.831,2.687,26.555,s13
4500,449.9,831.932,2.690,26.653,s13
4501,450.0,831.408,2.688,26.763,s13
4502,450.1,830.804,2.676,27.075,s13
4503,450.2,830.007,2.740,27.325,s13
4504,450.3,829.492,2.629,27.655,s13
4505,450.4,828.606,2.694,27.876,s13
4506,450.5,828.110,2.675,28.334,s13
4507,450.6,827.454,2.720,28.616,s13
4508,450.7,826.976,2.777,28.754,s13
4509,450.8,826.455,2.843,29.210,s13
4510,450.9,825.891,2.918,29.478,s13
4511,451.0,824.983,3.028,29.578,s13
4512,451.1,824.307,3.103,29.698,s13
4513,451.2,823.515,3.297,29.802,s13
4514,451.3,822.869,3.313,29.930,s13
4515,451.4,822.034,3.454,29.876,s13
4516,451.5,821.165,3.665,29.819,s13
4517,451.6,820.333,3.732,30.058,s13
4518,451.7,819.666,3.798,29.950,s13
4519,451.8,818.769,3.866,30.125,s13
4520,451.9,818.201,3.842,30.250,s13
4521,452.0,817.424,3.822,30.656,s13
4522,452.1,816.843,3.778,30.747,s13
4523,452.2,816.101,3.791,30.983,s13
4524,452.3,815.509,3.817,31.066,s13
4525,452.4,814.902,3.756,31.430,s13
4526,452.5,814.401,3.702,31.587,s13
4527,452.6,813.878,3.681,31.774,s13
4528,452.7,813.530,3.644,31.780,s13
4529,452.8,812.961,3.590,32.029,s13
4530,452.9,812.415,3.566,32.018,s13
4531,453.0,811.778,3.534,32.367,s13
4532,453.1,811.438,3.425,32.792,s13
4533,453.2,810.575,3.388,33.249,s13
4534,453.3,809.852,3.402,33.360,s13
4535,453.4,808.960,3.418,33.658,s13
4536,453.5,808.214,3.384,33.931,s13
4537,453.6,807.185,3.368,34.397,s13
4538,453.7,806.411,3.421,34.586,s13
4539,453.8,805.788,3.376,34.953,s13
4540,453.9,804.991,3.217,35.099,s13
4541,454.0,804.141,3.265,35.195,s13
4542,454.1,803.438,3.230,35.311,s13
4543,454.2,802.920,3.192,35.533,s13
4544,454.3,802.482,3.114,35.616,s13
4545,454.4,801.769,3.113,35.900,s13
4546,454.5,801.279,3.074,35.943,s13
4547,454.6,800.432,3.040,36.277,s13
4548,454.7,799.699,3.061,36.403,s13
4549,454.8,799.121,3.170,36.687,s13
4550,454.9,798.502,3.110,36.881,s13
4551,455.0,797.709,3.119,37.266,s13
4552,455.1,796.895,3.089,37.594,s13
4553,455.2,796.173,3.093,37.974,s13
4554,455.3,795.688,2.965,38.408,s13
4555,455.4,794.848,2.900,38.916,s13
4556,455.5,794.425,2.835,39.257,s13
4557,455.6,793.536,2.784,39.738,s13
4558,455.7,792.701,2.819,39.874,s13
4559,455.8,791.728,2.765,40.405,s13
4560,455.9,791.204,2.687,40.630,s13
4561,456.0,790.498,2.707,40.814,s13
4562,456.1,789.821,2.734,40.925,s13
4563,456.2,788.829,2.830,40.946,s13
4564,456.3,788.205,2.869,40.975,s13
4565,456.4,787.346,2.840,41.417,s13
4566,456.5,787.020,2.850,41.441,s13
4567,456.6,786.567,2.823,41.818,s13
4568,456.7,786.257,2.862,41.742,s13
4569,456.8,785.612,2.899,42.015,s13
4570,456.9,784.955,2.861,42.519,s13
4571,457.0,784.244,2.707,42.929,s13
4572,457.1,783.726,2.634,43.522,s13
4573,457.2,783.027,2.564,43.912,s13
4574,457.3,782.400,2.557,43.935,s13
4575,457.4,781.744,2.539,44.337,s13
4576,457.5,781.287,2.506,44.445,s13
4577,457.6,780.245,2.515,44.788,s13
4578,457.7,779.576,2.541,44.821,s13
4579,457.8,778.911,2.472,44.824,s13
4580,457.9,778.055,2.585,44.930,s13
4581,458.0,777.176,2.581,44.892,s13
4582,458.1,776.547,2.596,44.998,s13
4583,458.2,775.927,2.612,45.435,s13
4584,458.3,775.032,2.619,45.477,s13
4585,458.4,773.903,2.642,45.788,s13
4586,458.5,773.485,2.650,45.925,s13
4587,458.6,772.914,2.608,46.328,s13
4588,458.7,772.560,2.709,46.558,s13
4589,458.8,772.175,2.669,47.098,s13
4590,458.9,771.813,2.654,47.536,s13
4591,459.0,771.203,2.691,47.804,s13
4592,459.1,770.647,2.691,47.725,s13
4593,459.2,770.097,2.636,47.959,s13
4594,459.3,769.514,2.600,48.181,s13
4595,459.4,768.808,2.543,48.612,s13
4596,459.5,768.344,2.562,48.752,s13
4597,459.6,767.406,2.477,49.028,s13
4598,459.7,766.805,2.457,48.899,s13
4599,459.8,766.202,2.434,48.921,s13
4600,459.9,765.576,2.353,49.264,s13
4601,460.0,764.870,2.337,49.582,s13
4602,460.1,764.111,2.349,49.907,s13
4603,460.2,763.653,2.284,50.209,s13
4604,460.3,763.177,2.253,50.298,s13
4605,460.4,762.376,2.198,50.467,s13
4606,460.5,761.992,2.179,50.831,s13
4607,460.6,761.645,2.160,51.253,s13
4608,460.7,761.150,2.132,51.375,s13
4609,460.8,760.598,2.129,51.554,s13
4610,460.9,760.329,2.068,51.633,s13
4611,461.0,760.066,2.026,51.978,s13
4612,461.1,759.645,2.023,52.100,s13
4613,461.2,759.011,2.026,52.543,s13
4614,461.3,758.417,2.042,52.700,s13
4615,461.4,757.736,2.063,52.856,s13
4616,461.5,757.261,2.080,52.992,s13
4617,461.6,756.550,2.089,53.366,s13
4618,461.7,756.272,2.138,53.328,s13
4619,461.8,755.797,2.146,53.617,s13
4620,461.9,755.431,2.163,53.569,s13
4621,462.0,754.670,2.203,53.914,s13
4622,462.1,754.443,2.204,53.755,s13
4623,462.2,754.056,2.205,54.039,s13
4624,462.3,753.791,2.142,54.088,s13
4625,462.4,752.990,2.107,54.233,s13
4626,462.5,752.433,1.864,54.274,s13
4627,462.6,751.398,1.631,54.717,s13
4628,462.7,750.453,1.395,54.879,s13
4629,462.8,749.466,1.150,55.208,s13
4630,462.9,748.730,0.875,55.329,s14
4631,463.0,747.607,0.632,55.724,s14
4632,463.1,746.734,0.386,55.912,s14
4633,463.2,745.641,0.226,56.271,s14
4634,463.3,744.708,-0.011,56.514,s14
4635,463.4,743.876,0.010,56.873,s14
4636,463.5,743.096,-0.008,57.116,s14
4637,463.6,742.334,-0.042,57.419,s14
4638,463.7,741.516,-0.064,57.704,s14
4639,463.8,740.802,-0.077,58.067,s14
4640,463.9,740.214,-0.069,58.371,s14
4641,464.0,739.689,-0.081,58.742,s14
4642,464.1,739.145,-0.126,58.881,s14
4643,464.2,738.500,-0.127,59.248,s14
4644,464.3,737.824,-0.132,59.471,s14
4645,464.4,737.309,-0.121,59.754,s14
4646,464.5,736.595,-0.061,60.001,s14
4647,464.6,736.051,-0.033,60.177,s14
4648,464.7,735.507,-0.020,60.360,s14
4649,464.8,734.884,-0.026,60.575,s14
4650,464.9,734.181,0.019,60.684,s14
4651,465.0,733.683,0.029,60.959,s14
4652,465.1,733.233,0.004,61.102,s14
4653,465.2,732.599,0.052,61.342,s14
4654,465.3,731.940,0.046,61.591,s14
4655,465.4,731.443,0.101,61.959,s14
4656,465.5,730.888,0.118,62.324,s14
4657,465.6,730.281,0.167,62.638,s14
4658,465.7,729.730,0.187,62.883,s14
4659,465.8,729.090,0.179,63.393,s14
4660,465.9,728.291,0.208,63.721,s14
4661,466.0,727.549,0.236,64.144,s14
4662,466.1,726.983,0.218,64.477,s14
4663,466.2,726.377,0.248,64.621,s14
4664,466.3,725.863,0.189,64.725,s14
4665,466.4,725.226,0.157,64.933,s14
4666,466.5,724.653,0.175,65.109,s14
4667,466.6,723.905,0.221,65.307,s14
4668,466.7,723.249,0.214,65.564,s14
4669,466.8,722.693,0.248,65.890,s14
4670,466.9,722.228,0.302,66.167,s14
4671,467.0,721.646,0.272,66.481,s14
4672,467.1,721.128,0.220,66.887,s14
4673,467.2,720.316,0.286,67.307,s14
4674,467.3,719.489,0.264,67.758,s14
4675,467.4,718.842,0.227,68.154,s14
4676,467.5,718.293,0.160,68.543,s14
4677,467.6,717.589,0.133,68.628,s14
4678,467.7,716.883,0.006,68.775,s14
4679,467.8,716.028,-0.095,68.966,s14
4680,467.9,715.451,-0.086,69.056,s14
4681,468.0,714.774,-0.089,69.361,s14
4682,468.1,714.197,-0.168,69.487,s14
4683,468.2,713.809,-0.129,69.596,s14
4684,468.3,713.431,-0.158,69.744,s14
4685,468.4,712.846,-0.130,70.022,s14
4686,468.5,712.517,-0.101,70.325,s14
4687,468.6,712.220,-0.023,70.592,s14
4688,468.7,711.914,0.082,70.680,s14
4689,468.8,711.351,0.108,71.069,s14
4690,468.9,711.109,0.140,71.132,s14
4691,469.0,710.790,0.171,71.388,s14
4692,469.1,710.464,0.163,71.508,s14
4693,469.2,709.894,0.194,71.740,s14
4694,469.3,709.694,0.221,71.728,s14
4695,469.4,709.308,0.207,71.887,s14
4696,469.5,708.973,0.219,71.964,s14
4697,469.6,708.499,0.204,72.242,s14
4698,469.7,708.293,0.181,72.281,s14
4699,469.8,707.769,0.212,72.434,s14
4700,469.9,707.503,0.214,72.562,s14
4701,470.0,706.982,0.235,72.775,s14
4702,470.1,706.597,0.231,72.872,s14
4703,470.2,705.935,0.220,73.071,s14
4704,470.3,705.535,0.221,73.121,s14
4705,470.4,704.948,0.243,73.346,s14
4706,470.5,704.555,0.276,73.411,s14
4707,470.6,704.145,0.321,73.543,s14
4708,470.7,703.716,0.334,73.693,s14
4709,470.8,703.100,0.379,73.853,s14
4710,470.9,702.734,0.387,73.884,s14
4711,471.0,702.273,0.412,74.041,s14
4712,471.1,701.950,0.478,74.200,s14
4713,471.2,701.498,0.518,74.368,s14
4714,471.3,701.193,0.529,74.462,s14
4715,471.4,700.696,0.546,74.677,s14
4716,471.5,700.114,0.562,74.840,s14
4717,471.6,699.677,0.469,75.086,s14
4718,471.7,699.275,0.438,75.220,s14
4719,471.8,698.816,0.474,75.404,s14
4720,471.9,698.525,0.523,75.533,s14
4721,472.0,698.244,0.512,75.742,s14
4722,472.1,698.088,0.562,75.919,s14
4723,472.2,697.677,0.590,76.026,s14
4724,472.3,697.651,0.629,76.132,s14
4725,472.4,697.373,0.597,76.331,s14
4726,472.5,697.174,0.690,76.376,s14
4727,472.6,696.930,0.747,76.531,s14
4728,472.7,696.737,0.752,76.728,s14
4729,472.8,696.419,0.711,76.894,s14
4730,472.9,696.127,0.724,77.001,s14
4731,473.0,695.588,0.715,77.055,s14
4732,473.1,695.331,0.738,77.237,s14
4733,473.2,694.741,0.746,77.357,s14
4734,473.3,694.494,0.775,77.402,s14
4735,473.4,694.171,0.825,77.573,s14
4736,473.5,693.993,0.841,77.657,s14
4737,473.6,693.626,0.859,77.813,s14
4738,473.7,693.411,0.914,77.905,s14
4739,473.8,693.053,0.909,78.077,s14
4740,473.9,692.835,0.873,78.294,s14
4741,474.0,692.474,0.884,78.428,s14
4742,474.1,692.431,0.852,78.549,s14
4743,474.2,692.064,0.825,78.725,s14
4744,474.3,691.651,0.815,78.834,s14
4745,474.4,691.212,0.791,79.041,s14
4746,474.5,690.963,0.752,79.105,s14
4747,474.6,690.553,0.698,79.352,s14
4748,474.7,690.334,0.645,79.410,s14
4749,474.8,690.078,0.681,79.606,s14
4750,474.9,689.871,0.705,79.748,s14
4751,475.0,689.413,0.763,80.038,s14
4752,475.1,689.111,0.848,80.293,s14
4753,475.2,688.955,0.894,80.668,s14
4754,475.3,688.519,0.920,80.984,s14
4755,475.4,688.129,1.015,81.373,s14
4756,475.5,687.797,1.097,81.652,s14
4757,475.6,687.381,1.190,82.083,s14
4758,475.7,686.942,1.279,82.375,s14
4759,475.8,686.465,1.219,82.768,s14
4760,475.9,686.230,1.180,83.000,s14
4761,476.0,685.760,1.252,83.321,s14
4762,476.1,685.264,1.186,83.524,s14
4763,476.2,684.984,1.186,83.612,s14
4764,476.3,684.663,1.089,83.740,s14
4765,476.4,684.167,1.074,83.832,s14
4766,476.5,683.923,1.096,83.850,s14
4767,476.6,683.569,1.050,83.965,s14
4768,476.7,683.226,1.125,84.014,s14
4769,476.8,682.733,1.184,84.048,s14
4770,476.9,682.268,0.996,84.157,s14
4771,477.0,681.816,1.057,84.200,s14
4772,477.1,681.515,1.109,84.433,s14
4773,477.2,681.007,1.240,84.699,s14
4774,477.3,680.688,1.267,85.068,s14
4775,477.4,679.923,1.142,85.392,s14
4776,477.5,679.421,1.181,85.501,s14
4777,477.6,678.882,1.187,85.764,s14
4778,477.7,678.438,1.128,86.170,s14
4779,477.8,678.085,1.322,86.444,s14
4780,477.9,677.795,1.366,86.660,s14
4781,478.0,677.180,1.428,86.837,s14
4782,478.1,676.863,1.438,87.001,s14
4783,478.2,676.337,1.505,87.130,s14
4784,478.3,675.792,1.719,87.444,s14
4785,478.4,675.181,1.692,87.788,s14
4786,478.5,674.529,1.666,88.163,s14
4787,478.6,673.782,1.785,88.429,s14
4788,478.7,673.357,1.708,88.593,s14
4789,478.8,672.615,1.748,88.991,s14
4790,478.9,672.056,1.670,89.421,s14
4791,479.0,671.291,1.731,89.759,s14
4792,479.1,670.694,1.694,90.084,s14
4793,479.2,670.275,1.685,90.243,s14
4794,479.3,669.877,1.716,90.576,s14
4795,479.4,669.362,1.857,90.753,s14
4796,479.5,668.956,1.909,91.024,s14
4797,479.6,668.257,1.927,91.398,s14
4798,479.7,667.728,2.026,91.558,s14
4799,479.8,667.156,2.153,91.690,s14
4800,479.9,666.833,2.167,91.856,s14
4801,480.0,666.283,2.290,91.994,s14
4802,480.1,665.779,2.341,92.161,s14
4803,480.2,665.087,2.430,92.434,s14
4804,480.3,664.662,2.460,92.643,s14
4805,480.4,663.985,2.502,92.850,s14
4806,480.5,663.462,2.660,93.046,s14
4807,480.6,662.827,2.678,93.423,s14
4808,480.7,662.315,2.725,93.752,s14
4809,480.8,661.489,2.784,94.132,s14
4810,480.9,660.790,2.809,94.483,s14
4811,481.0,659.957,2.854,94.965,s14
4812,481.1,659.271,2.900,95.185,s14
4813,481.2,658.701,2.870,95.528,s14
4814,481.3,658.257,2.898,95.736,s14
4815,481.4,657.591,2.905,96.111,s14
4816,481.5,656.926,2.911,96.299,s14
4817,481.6,656.245,2.915,96.624,s14
4818,481.7,655.699,2.955,96.995,s14
4819,481.8,655.130,2.980,97.251,s14
4820,481.9,654.648,3.042,97.373,s14
4821,482.0,654.035,3.092,97.671,s14
4822,482.1,653.416,3.196,97.988,s14
4823,482.2,652.695,3.191,98.333,s14
4824,482.3,652.161,3.165,98.560,s14
4825,482.4,651.726,3.146,98.863,s14
4826,482.5,651.094,3.082,99.148,s14
4827,482.6,650.374,3.036,99.315,s14
4828,482.7,649.766,2.950,99.710,s14
4829,482.8,649.193,2.931,100.051,s14
4830,482.9,648.890,2.851,100.357,s14
4831,483.0,648.236,2.813,100.589,s14
4832,483.1,647.853,2.795,100.912,s14
4833,483.2,647.321,2.890,101.258,s14
4834,483.3,646.953,2.887,101.530,s14
4835,483.4,646.660,2.971,101.708,s14
4836,483.5,646.553,2.921,101.998,s14
4837,483.6,646.269,2.980,102.152,s14
4838,483.7,646.043,2.896,102.438,s14
4839,483.8,645.449,2.983,102.750,s14
4840,483.9,645.214,3.022,103.003,s14
4841,484.0,644.763,3.048,103.162,s14
4842,484.1,644.618,2.960,103.266,s14
4843,484.2,644.096,3.035,103.506,s14
4844,484.3,643.775,3.034,103.684,s14
4845,484.4,643.224,3.085,103.775,s14
4846,484.5,642.974,3.082,103.922,s14
4847,484.6,642.507,3.164,104.150,s14
4848,484.7,642.399,3.086,104.265,s14
4849,484.8,641.940,3.082,104.404,s14
4850,484.9,641.669,3.171,104.567,s14
4851,485.0,641.109,3.266,104.804,s14
4852,485.1,640.808,3.282,104.932,s14
4853,485.2,640.324,3.328,105.174,s14
4854,485.3,640.027,3.375,105.312,s14
4855,485.4,639.559,3.447,105.523,s14
4856,485.5,639.355,3.431,105.581,s14
4857,485.6,638.913,3.588,105.704,s14
4858,485.7,638.796,3.620,105.775,s14
4859,485.8,638.356,3.642,105.956,s14
4860,485.9,638.148,3.666,105.978,s14
4861,486.0,637.834,3.750,106.141,s14
4862,486.1,637.538,3.770,106.174,s14
4863,486.2,637.190,3.869,106.408,s14
4864,486.3,636.874,3.945,106.482,s14
4865,486.4,636.349,4.068,106.596,s14
4866,486.5,636.027,4.021,106.741,s14
4867,486.6,635.522,4.098,106.922,s14
4868,486.7,635.261,4.165,107.091,s14
4869,486.8,634.839,4.243,107.371,s14
4870,486.9,634.576,4.252,107.459,s14
4871,487.0,634.218,4.285,107.735,s14
4872,487.1,634.011,4.318,107.919,s14
4873,487.2,633.667,4.336,108.393,s14
4874,487.3,633.283,4.260,108.651,s14
4875,487.4,632.907,4.369,109.021,s14
4876,487.5,632.625,4.418,109.294,s14
4877,487.6,632.300,4.338,109.569,s14
4878,487.7,631.894,4.342,109.878,s14
4879,487.8,631.430,4.348,110.303,s14
4880,487.9,631.187,4.436,110.530,s14
4881,488.0,630.659,4.432,111.002,s14
4882,488.1,630.282,4.453,111.204,s14
4883,488.2,630.127,4.569,111.631,s14
4884,488.3,629.781,4.515,111.897,s14
4885,488.4,629.472,4.517,112.328,s14
4886,488.5,629.208,4.568,112.635,s14
4887,488.6,629.067,4.577,112.982,s14
4888,488.7,628.818,4.531,113.334,s14
4889,488.8,628.459,4.489,113.909,s14
4890,488.9,628.364,4.512,114.147,s14
4891,489.0,628.207,4.520,114.489,s14
4892,489.1,627.994,4.494,114.778,s14
4893,489.2,627.681,4.494,115.203,s14
4894,489.3,627.301,4.506,115.574,s14
4895,489.4,626.916,4.550,116.078,s14
4896,489.5,626.595,4.587,116.434,s14
4897,489.6,626.310,4.662,116.937,s14
4898,489.7,626.135,4.744,117.131,s14
4899,489.8,625.806,4.710,117.622,s14
4900,489.9,625.606,4.733,118.304,s14
4901,490.0,625.229,4.721,118.874,s14
4902,490.1,625.186,4.694,119.282,s14
4903,490.2,625.094,4.619,119.834,s14
4904,490.3,625.004,4.645,120.314,s14
4905,490.4,624.891,4.675,120.809,s14
4906,490.5,624.839,4.597,121.383,s14
4907,490.6,624.696,4.580,122.191,s14
4908,490.7,624.661,4.570,122.694,s14
4909,490.8,624.513,4.576,123.033,s14
4910,490.9,624.610,4.664,123.508,s14
4911,491.0,624.461,4.804,124.121,s14
4912,491.1,624.341,4.788,124.649,s14
4913,491.2,624.296,4.735,125.078,s14
4914,491.3,624.285,4.755,125.427,s14
4915,491.4,624.228,4.853,125.860,s14
4916,491.5,624.196,4.785,126.108,s14
4917,491.6,624.154,4.825,126.595,s14
4918,491.7,624.188,4.780,126.939,s14
4919,491.8,624.211,4.810,127.531,s14
4920,491.9,624.331,4.747,128.105,s14
4921,492.0,624.455,4.816,128.760,s14
4922,492.1,624.506,4.801,129.381,s14
4923,492.2,624.593,4.680,130.209,s14
4924,492.3,624.487,4.607,130.700,s14
4925,492.4,624.611,4.695,131.539,s14
4926,492.5,624.538,4.763,132.281,s14
4927,492.6,624.478,4.869,133.056,s14
4928,492.7,624.526,4.818,133.677,s14
4929,492.8,624.534,4.864,134.436,s14
4930,492.9,624.558,4.844,135.029,s14
4931,493.0,624.621,4.876,135.750,s14
4932,493.1,624.417,4.919,136.291,s14
4933,493.2,624.600,5.055,137.003,s14
4934,493.3,624.520,5.013,137.503,s14
4935,493.4,624.579,4.986,138.132,s14
4936,493.5,624.700,4.934,138.761,s14
4937,493.6,624.670,5.009,139.276,s14
4938,493.7,624.676,4.941,139.658,s14
4939,493.8,624.661,5.022,140.321,s14
4940,493.9,624.773,5.066,140.965,s14
4941,494.0,624.990,5.150,141.707,s14
4942,494.1,625.128,5.113,142.245,s14
4943,494.2,625.177,5.160,142.981,s14
4944,494.3,625.255,5.025,143.412,s14
4945,494.4,625.254,5.064,144.121,s14
4946,494.5,625.403,5.039,144.952,s14
4947,494.6,625.492,5.136,145.732,s14
4948,494.7,625.718,5.216,146.280,s14
4949,494.8,625.603,5.246,147.126,s14
4950,494.9,625.672,5.243,147.847,s14
4951,495.0,625.576,5.295,148.844,s14
4952,495.1,625.609,5.328,149.611,s14
4953,495.2,625.662,5.591,150.618,s14
4954,495.3,625.696,5.605,151.496,s14
4955,495.4,625.690,5.716,152.430,s14
4956,495.5,625.694,5.783,153.293,s14
4957,495.6,625.551,5.788,154.281,s14
4958,495.7,625.671,5.814,155.084,s14
4959,495.8,625.609,5.908,155.982,s14
4960,495.9,625.684,5.990,156.763,s14
4961,496.0,625.630,6.057,157.674,s14
4962,496.1,625.639,6.110,158.468,s14
4963,496.2,625.585,6.257,159.224,s14
4964,496.3,625.488,6.220,159.898,s14
4965,496.4,625.305,6.348,160.887,s14
4966,496.5,625.111,6.349,161.798,s14
4967,496.6,624.906,6.527,162.708,s14
4968,496.7,624.821,6.512,163.594,s14
4969,496.8,624.602,6.579,164.406,s14
4970,496.9,624.524,6.593,165.313,s14
4971,497.0,624.335,6.633,166.276,s14
4972,497.1,624.207,6.696,167.203,s14
4973,497.2,624.029,6.820,168.267,s14
4974,497.3,623.918,6.823,168.868,s14
4975,497.4,623.919,6.944,169.670,s14
4976,497.5,623.743,6.870,170.412,s14
4977,497.6,623.528,7.008,171.266,s14
4978,497.7,623.430,6.977,172.052,s14
4979,497.8,623.399,7.064,172.847,s14
4980,497.9,623.330,7.040,173.540,s14
4981,498.0,623.264,7.056,174.257,s14
4982,498.1,623.626,7.204,174.920,s14
4983,498.2,624.038,7.412,175.854,s14
4984,498.3,624.245,7.535,176.684,s14
4985,498.4,624.620,7.782,177.524,s14
4986,498.5,624.964,7.927,178.371,s15
4987,498.6,625.233,8.166,179.395,s15
4988,498.7,625.321,8.390,180.196,s15
4989,498.8,625.484,8.624,181.199,s15
4990,498.9,625.596,8.712,182.171,s15
4991,499.0,625.328,8.785,183.207,s15
4992,499.1,625.083,8.770,184.171,s15
4993,499.2,624.914,8.832,184.975,s15
4994,499.3,624.606,8.857,185.737,s15
4995,499.4,624.377,8.917,186.587,s15
4996,499.5,624.142,8.846,187.281,s15
4997,499.6,624.115,8.830,188.090,s15
4998,499.7,623.939,8.759,188.816,s15
4999,499.8,623.874,8.864,189.536,s15
5000,499.9,623.727,8.831,190.094,s15
5001,500.0,623.484,8.772,190.719,s15
5002,500.1,623.325,8.742,191.437,s15
5003,500.2,623.220,8.741,192.269,s15
5004,500.3,623.080,8.669,192.935,s15
5005,500.4,622.980,8.704,193.654,s15
5006,500.5,622.748,8.673,194.295,s15
5007,500.6,622.558,8.697,194.950,s15
5008,500.7,622.261,8.539,195.638,s15
5009,500.8,621.983,8.501,196.359,s15
5010,500.9,621.730,8.524,196.999,s15
5011,501.0,621.533,8.548,197.693,s15
5012,501.1,621.295,8.481,198.293,s15
5013,501.2,621.110,8.532,198.917,s15
5014,501.3,620.841,8.446,199.523,s15
5015,501.4,620.584,8.410,200.230,s15
5016,501.5,620.370,8.399,200.852,s15
5017,501.6,620.245,8.506,201.488,s15
5018,501.7,620.153,8.460,201.937,s15
5019,501.8,620.028,8.453,202.537,s15
5020,501.9,619.872,8.408,203.056,s15
5021,502.0,619.670,8.447,203.718,s15
5022,502.1,619.542,8.368,204.179,s15
5023,502.2,619.420,8.455,204.826,s15
5024,502.3,619.294,8.498,205.322,s15
5025,502.4,619.203,8.519,205.860,s15
5026,502.5,619.064,8.507,206.413,s15
5027,502.6,618.850,8.599,207.159,s15
5028,502.7,618.786,8.620,207.660,s15
5029,502.8,618.626,8.698,208.326,s15
5030,502.9,618.558,8.712,208.711,s15
5031,503.0,618.360,8.805,209.418,s15
5032,503.1,618.112,8.835,209.931,s15
5033,503.2,617.969,8.862,210.515,s15
5034,503.3,617.781,8.859,211.184,s15
5035,503.4,617.603,8.880,211.851,s15
5036,503.5,617.400,8.837,212.318,s15
5037,503.6,617.198,8.885,212.950,s15
5038,503.7,617.153,8.904,213.405,s15
5039,503.8,617.005,8.980,214.011,s15
5040,503.9,616.895,9.006,214.489,s15
5041,504.0,616.762,9.079,215.114,s15
5042,504.1,616.416,9.050,215.627,s15
5043,504.2,616.199,9.086,216.141,s15
5044,504.3,615.909,9.061,216.538,s15
5045,504.4,615.686,9.111,217.177,s15
5046,504.5,615.135,9.050,217.791,s15
5047,504.6,614.612,9.115,218.387,s15
5048,504.7,614.163,9.055,218.928,s15
5049,504.8,613.693,9.082,219.550,s15
5050,504.9,613.247,8.988,219.966,s15
5051,505.0,613.006,9.071,220.604,s15
5052,505.1,612.606,9.062,220.997,s15
5053,505.2,612.250,9.127,221.509,s15
5054,505.3,611.969,9.224,221.922,s15
5055,505.4,611.877,9.303,222.404,s15
5056,505.5,611.630,9.244,222.747,s15
5057,505.6,611.336,9.278,223.153,s15
5058,505.7,610.965,9.249,223.450,s15
5059,505.8,610.732,9.267,223.883,s15
5060,505.9,610.487,9.312,224.171,s15
5061,506.0,610.217,9.305,224.520,s15
5062,506.1,609.948,9.205,224.914,s15
5063,506.2,609.501,9.155,225.209,s15
5064,506.3,609.105,9.162,225.426,s15
5065,506.4,608.791,9.177,225.892,s15
5066,506.5,608.468,9.208,226.292,s15
5067,506.6,608.262,9.232,226.729,s15
5068,506.7,608.015,9.281,227.083,s15
5069,506.8,607.676,9.254,227.390,s15
5070,506.9,607.444,9.294,227.565,s15
5071,507.0,607.112,9.415,227.853,s15
5072,507.1,606.942,9.385,228.005,s15
5073,507.2,606.795,9.393,228.278,s15
5074,507.3,606.562,9.362,228.441,s15
5075,507.4,606.403,9.345,228.674,s15
5076,507.5,606.141,9.302,228.885,s15
5077,507.6,605.847,9.313,229.168,s15
5078,507.7,605.596,9.213,229.488,s15
5079,507.8,605.294,9.239,229.921,s15
5080,507.9,605.221,9.214,230.039,s15
5081,508.0,604.908,9.233,230.353,s15
5082,508.1,604.585,9.211,230.688,s15
5083,508.2,604.276,9.237,230.960,s15
5084,508.3,603.913,9.278,231.230,s15
5085,508.4,603.724,9.308,231.348,s15
5086,508.5,603.548,9.277,231.370,s15
5087,508.6,603.248,9.364,231.464,s15
5088,508.7,602.939,9.349,231.592,s15
5089,508.8,602.547,9.376,231.769,s15
5090,508.9,602.356,9.361,231.924,s15
5091,509.0,602.018,9.371,232.042,s15
5092,509.1,601.792,9.353,232.203,s15
5093,509.2,601.523,9.296,232.271,s15
5094,509.3,601.081,9.278,232.511,s15
5095,509.4,600.648,9.310,232.705,s15
5096,509.5,600.429,9.273,232.841,s15
5097,509.6,600.088,9.287,232.972,s15
5098,509.7,599.704,9.256,233.102,s15
5099,509.8,599.258,9.257,233.295,s15
5100,509.9,598.978,9.237,233.435,s15
5101,510.0,598.542,9.264,233.488,s15
5102,510.1,598.241,9.241,233.638,s15
5103,510.2,597.895,9.244,233.639,s15
5104,510.3,597.593,9.197,233.648,s15
5105,510.4,597.260,9.252,233.642,s15
5106,510.5,597.027,9.235,233.701,s15
5107,510.6,596.668,9.256,233.754,s15
5108,510.7,596.382,9.270,233.703,s15
5109,510.8,596.107,9.306,233.521,s15
5110,510.9,595.823,9.276,233.500,s15
5111,511.0,595.459,9.334,233.402,s15
5112,511.1,595.126,9.333,233.369,s15
5113,511.2,594.684,9.359,233.450,s15
5114,511.3,594.238,9.316,233.478,s15
5115,511.4,593.756,9.335,233.440,s15
5116,511.5,593.514,9.307,233.399,s15
5117,511.6,593.209,9.298,233.387,s15
5118,511.7,592.779,9.262,233.502,s15
5119,511.8,592.404,9.278,233.444,s15
5120,511.9,592.301,9.228,233.463,s15
5121,512.0,592.123,9.219,233.414,s15
5122,512.1,591.977,9.291,233.359,s15
5123,512.2,591.745,9.316,233.268,s15
5124,512.3,591.488,9.283,233.256,s15
5125,512.4,591.218,9.317,233.245,s15
5126,512.5,590.979,9.336,233.246,s15
5127,512.6,590.704,9.429,233.105,s15
5128,512.7,590.648,9.505,233.038,s15
5129,512.8,590.048,9.582,232.955,s15
5130,512.9,589.822,9.619,232.803,s15
5131,513.0,589.528,9.612,232.734,s15
5132,513.1,589.228,9.559,232.546,s15
5133,513.2,589.139,9.587,232.419,s15
5134,513.3,588.824,9.583,232.225,s15
5135,513.4,588.485,9.590,232.011,s15
5136,513.5,588.321,9.494,231.912,s15
5137,513.6,587.789,9.450,231.827,s15
5138,513.7,587.570,9.380,231.635,s15
5139,513.8,586.975,9.357,231.581,s15
5140,513.9,586.485,9.246,231.376,s15
5141,514.0,586.015,9.366,231.452,s15
5142,514.1,585.399,9.440,231.393,s15
5143,514.2,585.003,9.475,231.316,s15
5144,514.3,584.566,9.457,231.364,s15
5145,514.4,584.043,9.557,231.283,s15
5146,514.5,583.795,9.506,231.129,s15
5147,514.6,583.486,9.510,230.992,s15
5148,514.7,583.246,9.507,230.880,s15
5149,514.8,582.947,9.588,230.825,s15
5150,514.9,582.590,9.495,230.515,s15
5151,515.0,582.284,9.452,230.389,s15
5152,515.1,581.919,9.426,230.278,s15
5153,515.2,581.526,9.443,230.089,s15
5154,515.3,581.060,9.346,229.885,s15
5155,515.4,580.462,9.373,229.721,s15
5156,515.5,580.009,9.367,229.569,s15
5157,515.6,579.524,9.372,229.466,s15
5158,515.7,579.198,9.336,229.347,s15
5159,515.8,578.662,9.350,229.234,s15
5160,515.9,578.268,9.309,229.006,s15
5161,516.0,577.588,9.280,228.787,s15
5162,516.1,577.120,9.252,228.551,s15
5163,516.2,576.677,9.271,228.357,s15
5164,516.3,576.232,9.258,228.302,s15
5165,516.4,575.683,9.210,228.087,s15
5166,516.5,575.142,9.198,227.759,s15
5167,516.6,574.475,9.185,227.407,s15
5168,516.7,574.009,9.194,227.310,s15
5169,516.8,573.439,9.220,227.116,s15
5170,516.9,573.150,9.224,226.966,s15
5171,517.0,572.568,9.228,226.812,s15
5172,517.1,572.109,9.214,226.498,s15
5173,517.2,571.638,9.231,226.117,s15
5174,517.3,571.144,9.265,225.861,s15
5175,517.4,570.625,9.287,225.666,s15
5176,517.5,570.155,9.304,225.525,s15
5177,517.6,569.689,9.293,225.206,s15
5178,517.7,569.086,9.265,224.919,s15
5179,517.8,568.481,9.244,224.672,s15
5180,517.9,568.073,9.222,224.410,s15
5181,518.0,567.518,9.264,224.193,s15
5182,518.1,566.943,9.229,223.880,s15
5183,518.2,566.325,9.263,223.757,s15
5184,518.3,565.788,9.286,223.612,s15
5185,518.4,565.323,9.313,223.351,s15
5186,518.5,564.747,9.379,223.219,s15
5187,518.6,564.214,9.423,223.010,s15
5188,518.7,563.580,9.499,222.824,s15
5189,518.8,563.004,9.576,222.602,s15
5190,518.9,562.550,9.626,222.541,s15
5191,519.0,562.024,9.715,222.504,s15
5192,519.1,561.570,9.768,222.407,s15
5193,519.2,561.010,9.779,222.170,s15
5194,519.3,560.347,9.838,221.873,s15
5195,519.4,559.670,9.861,221.547,s15
5196,519.5,559.090,9.911,221.324,s15
5197,519.6,558.543,9.917,221.070,s15
5198,519.7,557.899,9.868,220.886,s15
5199,519.8,557.066,9.769,220.604,s15
5200,519.9,556.432,9.674,220.316,s15
5201,520.0,555.718,9.644,219.991,s15
5202,520.1,555.259,9.583,219.804,s15
5203,520.2,554.517,9.574,219.673,s15
5204,520.3,553.979,9.559,219.470,s15
5205,520.4,553.335,9.506,219.289,s15
5206,520.5,552.853,9.525,219.144,s15
5207,520.6,552.152,9.511,218.856,s15
5208,520.7,551.451,9.600,218.619,s15
5209,520.8,550.663,9.700,218.428,s15
5210,520.9,549.980,9.718,218.204,s15
5211,521.0,548.971,9.786,217.989,s15
5212,521.1,548.397,9.690,217.859,s15
5213,521.2,547.717,9.606,217.654,s15
5214,521.3,547.141,9.644,217.457,s15
5215,521.4,546.418,9.534,217.251,s15
5216,521.5,545.989,9.517,217.103,s15
5217,521.6,545.471,9.505,216.992,s15
5218,521.7,544.997,9.416,216.898,s15
5219,521.8,544.443,9.382,216.742,s15
5220,521.9,544.202,9.215,216.628,s15
5221,522.0,543.584,9.230,216.380,s15
5222,522.1,543.182,9.259,216.400,s15
5223,522.2,542.626,9.241,216.265,s15
5224,522.3,541.963,9.218,216.025,s15
5225,522.4,541.146,9.266,215.859,s15
5226,522.5,540.619,9.235,215.616,s15
5227,522.6,540.061,9.274,215.358,s15
5228,522.7,539.473,9.282,215.159,s15
5229,522.8,538.777,9.458,214.829,s15
5230,522.9,538.397,9.500,214.638,s15
5231,523.0,537.665,9.534,214.249,s15
5232,523.1,536.955,9.507,214.001,s15
5233,523.2,536.316,9.604,213.816,s15
5234,523.3,535.882,9.566,213.593,s15
5235,523.4,535.354,9.581,213.389,s15
5236,523.5,534.786,9.524,213.162,s15
5237,523.6,534.206,9.469,212.981,s15
5238,523.7,533.643,9.453,212.895,s15
5239,523.8,532.738,9.444,212.700,s15
5240,523.9,532.138,9.408,212.510,s15
5241,524.0,531.542,9.388,212.334,s15
5242,524.1,530.990,9.306,212.184,s15
5243,524.2,530.138,9.342,212.042,s15
5244,524.3,529.515,9.282,211.819,s15
5245,524.4,528.774,9.321,211.632,s15
5246,524.5,528.182,9.304,211.370,s15
5247,524.6,527.458,9.220,211.154,s15
5248,524.7,526.987,9.182,211.026,s15
5249,524.8,526.346,9.197,210.992,s15
5250,524.9,525.761,9.223,210.875,s15
5251,525.0,525.165,9.300,210.698,s15
5252,525.1,524.728,9.349,210.463,s15
5253,525.2,524.067,9.415,210.435,s15
5254,525.3,523.733,9.455,210.341,s15
5255,525.4,523.177,9.542,210.254,s15
5256,525.5,522.740,9.534,210.088,s15
5257,525.6,522.175,9.547,209.873,s15
5258,525.7,521.783,9.547,209.613,s15
5259,525.8,521.366,9.505,209.439,s15
5260,525.9,520.990,9.395,209.275,s15
5261,526.0,520.451,9.338,209.234,s15
5262,526.1,520.061,9.295,209.027,s15
5263,526.2,519.417,9.199,208.879,s15
5264,526.3,519.014,9.097,208.811,s15
5265,526.4,518.563,9.086,208.748,s15
5266,526.5,518.274,9.041,208.676,s15
5267,526.6,517.715,9.044,208.568,s15
5268,526.7,517.324,9.095,208.499,s15
5269,526.8,516.699,9.189,208.338,s15
5270,526.9,516.271,9.188,208.045,s15
5271,527.0,515.643,9.225,207.915,s15
5272,527.1,515.188,9.318,207.645,s15
5273,527.2,514.599,9.409,207.363,s15
5274,527.3,514.124,9.503,207.085,s15
5275,527.4,513.551,9.583,206.877,s15
5276,527.5,513.060,9.588,206.776,s15
5277,527.6,512.477,9.591,206.527,s15
5278,527.7,512.097,9.597,206.416,s15
5279,527.8,511.633,9.609,206.294,s15
5280,527.9,511.253,9.620,206.060,s15
5281,528.0,510.719,9.611,205.942,s15
5282,528.1,510.272,9.592,205.867,s15
5283,528.2,509.635,9.592,205.718,s15
5284,528.3,509.149,9.603,205.499,s15
5285,528.4,508.706,9.617,205.219,s15
5286,528.5,508.255,9.501,205.007,s15
5287,528.6,507.847,9.531,204.811,s15
5288,528.7,507.273,9.537,204.663,s15
5289,528.8,506.773,9.500,204.540,s15
5290,528.9,506.453,9.504,204.429,s15
5291,529.0,506.068,9.478,204.236,s15
5292,529.1,505.874,9.481,204.156,s15
5293,529.2,505.408,9.479,204.063,s15
5294,529.3,505.095,9.459,204.003,s15
5295,529.4,504.669,9.512,203.919,s15
5296,529.5,504.206,9.490,203.747,s15
5297,529.6,503.843,9.514,203.620,s15
5298,529.7,503.448,9.546,203.458,s15
5299,529.8,502.731,9.488,203.314,s15
5300,529.9,502.132,9.502,203.132,s15
5301,530.0,501.435,9.494,202.938,s15
5302,530.1,500.963,9.450,202.807,s15
5303,530.2,500.265,9.401,202.610,s15
5304,530.3,499.681,9.454,202.438,s15
5305,530.4,498.965,9.449,202.285,s15
5306,530.5,498.425,9.433,202.121,s15
5307,530.6,497.758,9.440,201.945,s15
5308,530.7,497.331,9.507,201.700,s15
5309,530.8,496.777,9.538,201.581,s15
5310,530.9,496.386,9.551,201.385,s15
5311,531.0,495.727,9.567,201.230,s15
5312,531.1,495.306,9.617,200.981,s15
5313,531.2,494.746,9.602,200.860,s15
5314,531.3,494.418,9.619,200.704,s15
5315,531.4,493.926,9.588,200.594,s15
5316,531.5,493.569,9.557,200.475,s15
5317,531.6,492.964,9.560,200.395,s15
5318,531.7,492.424,9.568,200.132,s15
5319,531.8,491.652,9.573,200.008,s15
5320,531.9,491.281,9.598,199.841,s15
5321,532.0,490.728,9.576,199.832,s15
5322,532.1,490.349,9.594,199.663,s15
5323,532.2,489.781,9.582,199.647,s15
5324,532.3,489.247,9.584,199.471,s15
5325,532.4,488.525,9.582,199.364,s15
5326,532.5,488.158,9.547,199.214,s15
5327,532.6,487.741,9.522,199.244,s15
5328,532.7,487.428,9.422,199.220,s15
5329,532.8,486.754,9.355,199.109,s15
5330,532.9,486.193,9.283,199.000,s15
5331,533.0,485.584,9.236,198.892,s15
5332,533.1,485.040,9.104,198.771,s15
5333,533.2,484.552,9.097,198.632,s15
5334,533.3,484.341,9.031,198.654,s15
5335,533.4,483.940,9.013,198.554,s15
5336,533.5,483.682,9.027,198.505,s15
5337,533.6,483.354,9.088,198.393,s15
5338,533.7,483.036,9.116,198.294,s15
5339,533.8,482.646,9.186,198.125,s15
5340,533.9,482.235,9.169,198.009,s15
5341,534.0,481.776,9.313,197.789,s15
5342,534.1,481.221,9.341,197.790,s16
5343,534.2,480.669,9.422,197.464,s16
5344,534.3,480.090,9.408,197.400,s16
5345,534.4,479.418,9.402,197.124,s16
5346,534.5,478.712,9.350,196.936,s16
5347,534.6,478.227,9.384,196.749,s16
5348,534.7,477.805,9.356,196.698,s16
5349,534.8,477.336,9.367,196.532,s16
5350,534.9,476.910,9.294,196.473,s16
5351,535.0,476.555,9.238,196.205,s16
5352,535.1,476.185,9.183,196.144,s16
5353,535.2,475.784,9.177,195.955,s16
5354,535.3,475.340,9.084,195.895,s16
5355,535.4,474.968,9.063,195.751,s16
5356,535.5,474.593,9.009,195.697,s16
5357,535.6,474.089,9.001,195.511,s16
5358,535.7,473.741,9.031,195.416,s16
5359,535.8,473.490,9.056,195.318,s16
5360,535.9,473.239,9.029,195.392,s16
5361,536.0,472.853,9.007,195.359,s16
5362,536.1,472.533,9.002,195.324,s16
5363,536.2,472.169,9.050,195.207,s16
5364,536.3,471.854,9.076,195.169,s16
5365,536.4,471.410,9.093,195.033,s16
5366,536.5,471.074,9.069,194.994,s16
5367,536.6,470.530,9.005,194.859,s16
5368,536.7,470.042,8.982,194.766,s16
5369,536.8,469.532,9.016,194.542,s16
5370,536.9,469.015,9.017,194.468,s16
5371,537.0,468.534,9.045,194.339,s16
5372,537.1,468.172,9.011,194.254,s16
5373,537.2,467.838,9.009,194.098,s16
5374,537.3,467.500,8.981,193.981,s16
5375,537.4,467.030,8.975,193.830,s16
5376,537.5,466.624,8.963,193.760,s16
5377,537.6,466.165,8.933,193.538,s16
5378,537.7,465.855,8.902,193.385,s16
5379,537.8,465.511,8.923,193.125,s16
5380,537.9,465.193,8.925,193.007,s16
5381,538.0,464.856,8.955,192.828,s16
5382,538.1,464.389,8.894,192.728,s16
5383,538.2,463.892,8.908,192.612,s16
5384,538.3,463.470,8.855,192.451,s16
5385,538.4,463.062,8.892,192.291,s16
5386,538.5,462.628,8.893,192.266,s16
5387,538.6,462.007,8.927,192.191,s16
5388,538.7,461.501,8.840,192.160,s16
5389,538.8,460.855,8.829,192.064,s16
5390,538.9,460.213,8.824,192.026,s16
5391,539.0,459.558,8.909,191.938,s16
5392,539.1,459.071,8.826,191.909,s16
5393,539.2,458.555,8.859,191.779,s16
5394,539.3,458.079,8.808,191.665,s16
5395,539.4,457.493,8.735,191.452,s16
5396,539.5,456.925,8.655,191.334,s16
5397,539.6,456.230,8.699,191.194,s16
5398,539.7,455.729,8.571,191.037,s16
5399,539.8,455.091,8.485,190.805,s16
5400,539.9,454.656,8.404,190.602,s16
5401,540.0,454.013,8.431,190.424,s16
5402,540.1,453.386,8.315,190.123,s16
5403,540.2,452.601,8.267,189.834,s16
5404,540.3,451.913,8.239,189.436,s16
5405,540.4,451.342,8.274,189.085,s16
5406,540.5,450.702,8.239,188.638,s16
5407,540.6,450.041,8.303,188.117,s16
5408,540.7,449.350,8.230,187.666,s16
5409,540.8,448.559,8.262,187.156,s16
5410,540.9,447.999,8.166,186.606,s16
5411,541.0,447.303,8.290,186.413,s16
5412,541.1,446.651,8.268,186.148,s16
5413,541.2,446.160,8.367,186.002,s16
5414,541.3,445.677,8.343,185.742,s16
5415,541.4,445.007,8.383,185.622,s16
5416,541.5,444.244,8.287,185.514,s16
5417,541.6,443.666,8.449,185.432,s16
5418,541.7,442.994,8.400,185.305,s16
5419,541.8,442.171,8.439,185.315,s16
5420,541.9,441.577,8.348,185.133,s16
5421,542.0,441.051,8.401,185.048,s16
5422,542.1,440.304,8.426,184.781,s16
5423,542.2,439.514,8.596,184.612,s16
5424,542.3,439.092,8.561,184.413,s16
5425,542.4,438.693,8.699,184.247,s16
5426,542.5,438.222,8.788,184.067,s16
5427,542.6,437.692,8.770,183.884,s16
5428,542.7,437.218,8.793,183.647,s16
5429,542.8,436.743,8.886,183.489,s16
5430,542.9,436.188,8.884,183.297,s16
5431,543.0,435.649,8.847,183.186,s16
5432,543.1,435.128,8.504,182.836,s16
5433,543.2,434.552,8.543,182.501,s16
5434,543.3,434.031,8.456,182.471,s16
5435,543.4,433.518,8.249,182.427,s16
5436,543.5,432.952,8.289,182.286,s16
5437,543.6,432.398,8.303,182.060,s16
5438,543.7,431.751,8.222,181.955,s16
5439,543.8,431.374,8.224,181.613,s16
5440,543.9,430.967,8.303,181.459,s16
5441,544.0,430.445,8.452,181.444,s16
5442,544.1,429.989,8.468,181.505,s16
5443,544.2,429.316,8.403,181.236,s16
5444,544.3,428.706,8.411,180.926,s16
5445,544.4,428.170,8.422,180.601,s16
5446,544.5,427.720,8.353,180.512,s16
5447,544.6,427.204,8.336,180.133,s16
5448,544.7,426.446,8.337,180.121,s16
5449,544.8,425.687,8.279,180.011,s16
5450,544.9,424.993,8.352,179.761,s16
5451,545.0,424.353,8.315,179.428,s16
5452,545.1,423.814,8.481,179.316,s16
5453,545.2,423.101,8.520,179.180,s16
5454,545.3,422.357,8.491,179.350,s16
5455,545.4,421.423,8.593,179.037,s16
5456,545.5,420.762,8.684,178.838,s16
5457,545.6,419.950,8.703,178.452,s16
5458,545.7,419.547,8.679,178.037,s16
5459,545.8,418.925,8.602,177.718,s16
5460,545.9,418.474,8.622,177.321,s16
5461,546.0,417.718,8.577,176.860,s16
5462,546.1,417.147,8.566,176.328,s16
5463,546.2,416.662,8.596,175.697,s16
5464,546.3,416.456,8.575,175.426,s16
5465,546.4,415.973,8.565,175.175,s16
5466,546.5,415.700,8.504,174.915,s16
5467,546.6,415.084,8.474,174.662,s16
5468,546.7,414.700,8.466,174.528,s16
5469,546.8,413.824,8.430,174.319,s16
5470,546.9,413.522,8.371,174.195,s16
5471,547.0,413.007,8.341,173.955,s16
5472,547.1,412.526,8.257,173.725,s16
5473,547.2,411.772,8.237,173.292,s16
5474,547.3,411.120,8.130,172.905,s16
5475,547.4,410.337,8.150,172.545,s16
5476,547.5,409.784,8.222,172.057,s16
5477,547.6,409.032,8.293,171.439,s16
5478,547.7,408.588,8.307,170.979,s16
5479,547.8,407.845,8.404,170.307,s16
5480,547.9,407.277,8.490,169.976,s16
5481,548.0,406.719,8.501,169.557,s16
5482,548.1,406.031,8.428,169.230,s16
5483,548.2,405.422,8.546,168.713,s16
5484,548.3,404.910,8.614,168.246,s16
5485,548.4,404.236,8.518,167.988,s16
5486,548.5,403.779,8.439,167.800,s16
5487,548.6,403.285,8.409,167.486,s16
5488,548.7,402.683,8.306,167.264,s16
5489,548.8,402.104,8.251,166.950,s16
5490,548.9,401.541,8.282,166.520,s16
5491,549.0,401.080,8.417,166.014,s16
5492,549.1,400.498,8.395,165.709,s16
5493,549.2,400.053,8.324,165.444,s16
5494,549.3,399.381,8.263,165.030,s16
5495,549.4,398.719,8.359,164.346,s16
5496,549.5,397.896,8.313,163.873,s16
5497,549.6,397.406,8.408,163.210,s16
5498,549.7,396.802,8.335,162.729,s16
5499,549.8,396.191,8.382,162.134,s16
5500,549.9,395.833,8.392,161.670,s16
5501,550.0,395.377,8.408,161.027,s16
5502,550.1,394.789,8.387,160.484,s16
5503,550.2,394.289,8.517,159.914,s16
5504,550.3,393.816,8.408,159.749,s16
5505,550.4,393.533,8.415,159.281,s16
5506,550.5,393.217,8.332,158.906,s16
5507,550.6,392.732,8.349,158.354,s16
5508,550.7,392.209,8.240,158.056,s16
5509,550.8,391.594,8.109,157.544,s16
5510,550.9,391.176,8.053,157.455,s16
5511,551.0,390.789,8.057,157.022,s16
5512,551.1,390.334,7.979,156.640,s16
5513,551.2,389.835,7.956,156.035,s16
5514,551.3,389.270,7.881,155.616,s16
5515,551.4,388.752,7.756,155.083,s16
5516,551.5,388.271,7.694,154.577,s16
5517,551.6,387.732,7.533,153.940,s16
5518,551.7,387.239,7.492,153.601,s16
5519,551.8,386.748,7.460,152.840,s16
5520,551.9,386.395,7.415,152.269,s16
5521,552.0,386.087,7.346,151.759,s16
5522,552.1,385.739,7.231,151.516,s16
5523,552.2,385.343,7.325,150.959,s16
5524,552.3,384.768,7.266,150.564,s16
5525,552.4,384.380,7.199,149.969,s16
5526,552.5,384.093,7.440,149.522,s16
5527,552.6,383.615,7.395,148.750,s16
5528,552.7,383.031,7.425,148.325,s16
5529,552.8,382.574,7.344,147.741,s16
5530,552.9,382.306,7.272,147.207,s16
5531,553.0,381.985,7.313,146.350,s16
5532,553.1,381.577,7.347,145.925,s16
5533,553.2,381.363,7.488,145.315,s16
5534,553.3,380.933,7.703,144.874,s16
5535,553.4,380.579,7.758,144.154,s16
5536,553.5,380.289,7.990,143.697,s16
5537,553.6,380.079,8.089,143.170,s16
5538,553.7,379.520,8.310,142.712,s16
5539,553.8,378.920,8.533,142.141,s16
5540,553.9,378.399,8.605,141.663,s16
5541,554.0,378.042,8.411,140.946,s16
5542,554.1,377.498,8.483,140.501,s16
5543,554.2,377.159,8.410,139.830,s16
5544,554.3,376.818,8.381,139.731,s16
5545,554.4,376.392,8.366,139.216,s16
5546,554.5,375.935,8.338,138.678,s16
5547,554.6,375.585,8.184,138.041,s16
5548,554.7,375.250,8.023,137.538,s16
5549,554.8,374.842,8.151,136.729,s16
5550,554.9,374.352,8.354,136.016,s16
5551,555.0,373.902,8.369,135.165,s16
5552,555.1,373.605,8.311,134.713,s16
5553,555.2,373.069,8.139,133.738,s16
5554,555.3,372.721,8.047,133.235,s16
5555,555.4,372.366,7.905,132.551,s16
5556,555.5,372.086,7.894,132.183,s16
5557,555.6,371.715,7.905,131.496,s16
5558,555.7,371.315,7.845,131.263,s16
5559,555.8,371.135,7.801,130.897,s16
5560,555.9,370.975,7.744,130.713,s16
5561,556.0,370.595,7.818,130.122,s16
5562,556.1,370.142,7.823,129.707,s16
5563,556.2,369.717,7.833,129.060,s16
5564,556.3,369.236,7.799,128.733,s16
5565,556.4,368.683,7.801,128.104,s16
5566,556.5,368.042,7.743,127.682,s16
5567,556.6,367.640,7.720,126.919,s16
5568,556.7,367.009,7.600,126.451,s16
5569,556.8,366.148,7.492,125.461,s16
5570,556.9,365.504,7.477,124.839,s16
5571,557.0,365.014,7.494,124.137,s16
5572,557.1,364.643,7.404,123.818,s16
5573,557.2,364.244,7.403,123.017,s16
5574,557.3,363.852,7.501,122.348,s16
5575,557.4,363.400,7.631,121.460,s16
5576,557.5,362.747,7.547,121.131,s16
5577,557.6,362.169,7.587,120.400,s16
5578,557.7,361.926,7.726,120.146,s16
5579,557.8,361.340,7.799,119.474,s16
5580,557.9,360.776,7.761,118.996,s16
5581,558.0,360.222,7.898,118.131,s16
5582,558.1,359.641,7.991,117.475,s16
5583,558.2,359.116,7.913,116.726,s16
5584,558.3,358.686,7.768,116.314,s16
5585,558.4,358.293,7.798,115.571,s16
5586,558.5,357.754,7.748,114.980,s16
5587,558.6,357.189,7.596,114.251,s16
5588,558.7,356.766,7.382,113.495,s16
5589,558.8,356.297,7.279,112.788,s16
5590,558.9,355.665,7.086,112.329,s16
5591,559.0,355.184,6.965,111.642,s16
5592,559.1,354.567,6.874,110.995,s16
5593,559.2,354.032,6.911,110.265,s16
5594,559.3,353.704,6.799,109.782,s16
5595,559.4,353.323,6.840,109.224,s16
5596,559.5,352.847,6.846,108.617,s16
5597,559.6,352.389,6.857,108.257,s16
5598,559.7,351.896,6.967,107.799,s16
5599,559.8,351.600,6.969,107.077,s16
5600,559.9,351.313,6.896,106.765,s16
5601,560.0,351.009,6.927,106.427,s16
5602,560.1,350.660,6.897,106.051,s16
5603,560.2,350.015,6.958,105.196,s16
5604,560.3,349.700,6.922,104.693,s16
5605,560.4,349.355,6.941,104.041,s16
5606,560.5,349.120,6.812,103.522,s16
5607,560.6,348.860,6.830,102.762,s16
5608,560.7,348.246,6.799,102.316,s16
5609,560.8,347.775,6.812,101.529,s16
5610,560.9,347.325,6.769,100.670,s16
5611,561.0,346.877,6.943,99.840,s16
5612,561.1,346.642,7.004,99.263,s16
5613,561.2,346.101,6.996,98.246,s16
5614,561.3,345.623,7.115,97.399,s16
5615,561.4,345.037,7.252,96.350,s16
5616,561.5,344.586,7.211,95.758,s16
5617,561.6,344.260,7.245,94.859,s16
5618,561.7,343.896,7.407,94.204,s16
5619,561.8,343.596,7.502,93.610,s16
5620,561.9,343.420,7.281,92.959,s16
5621,562.0,342.999,7.253,92.252,s16
5622,562.1,342.700,7.236,91.969,s16
5623,562.2,342.435,7.125,91.763,s16
5624,562.3,342.137,7.009,91.751,s16
5625,562.4,341.798,6.920,91.421,s16
5626,562.5,341.608,6.771,91.232,s16
5627,562.6,341.254,6.632,90.931,s16
5628,562.7,340.954,6.645,90.819,s16
5629,562.8,340.658,6.821,90.797,s16
5630,562.9,340.456,6.804,90.814,s16
5631,563.0,340.301,6.878,90.589,s16
5632,563.1,340.005,6.982,90.145,s16
5633,563.2,339.751,7.186,89.556,s16
5634,563.3,339.627,7.447,89.091,s16
5635,563.4,339.215,7.673,88.533,s16
5636,563.5,338.910,7.795,88.048,s16
5637,563.6,338.549,7.770,87.301,s16
5638,563.7,338.034,7.736,86.483,s16
5639,563.8,337.461,7.806,85.594,s16
5640,563.9,336.911,7.846,84.589,s16
5641,564.0,336.325,7.812,84.029,s16
5642,564.1,335.833,7.769,83.240,s16
5643,564.2,335.242,7.681,82.600,s16
5644,564.3,334.861,7.752,82.007,s16
5645,564.4,334.257,7.663,81.383,s16
5646,564.5,333.790,7.738,81.047,s16
5647,564.6,333.284,7.734,80.681,s16
5648,564.7,333.088,7.693,80.529,s16
5649,564.8,332.766,7.659,80.405,s16
5650,564.9,332.497,7.614,80.010,s16
5651,565.0,332.114,7.661,79.815,s16
5652,565.1,331.877,7.480,79.581,s16
5653,565.2,331.465,7.399,79.114,s16
5654,565.3,331.403,7.497,78.958,s16
5655,565.4,330.864,7.419,78.129,s16
5656,565.5,330.801,7.420,77.655,s16
5657,565.6,330.248,7.437,76.848,s16
5658,565.7,330.039,7.305,76.315,s16
5659,565.8,329.755,7.284,75.689,s16
5660,565.9,329.776,7.302,75.348,s16
5661,566.0,329.554,7.393,74.908,s16
5662,566.1,329.356,7.370,74.739,s16
5663,566.2,329.041,7.365,74.202,s16
5664,566.3,329.036,7.388,74.336,s16
5665,566.4,328.808,7.375,74.101,s16
5666,566.5,328.628,7.383,74.041,s16
5667,566.6,328.107,7.468,73.604,s16
5668,566.7,327.636,7.493,73.335,s16
5669,566.8,326.769,7.471,72.608,s16
5670,566.9,326.305,7.611,72.030,s16
5671,567.0,325.933,7.636,71.461,s16
5672,567.1,325.396,7.470,70.771,s16
5673,567.2,324.857,7.456,69.956,s16
5674,567.3,324.170,7.296,69.143,s16
5675,567.4,323.748,7.113,68.182,s16
5676,567.5,323.007,7.047,67.305,s16
5677,567.6,322.512,6.929,66.605,s16
5678,567.7,322.389,6.801,66.280,s16
5679,567.8,321.774,6.658,65.418,s16
5680,567.9,321.359,6.594,64.645,s16
5681,568.0,320.790,6.617,64.004,s16
5682,568.1,320.210,6.486,63.108,s16
5683,568.2,319.612,6.505,62.423,s16
5684,568.3,318.964,6.488,61.856,s16
5685,568.4,318.856,6.492,61.513,s16
5686,568.5,318.509,6.445,61.054,s16
5687,568.6,318.012,6.440,60.499,s16
5688,568.7,317.721,6.351,60.193,s16
5689,568.8,317.259,6.270,59.778,s16
5690,568.9,316.937,6.239,59.397,s16
5691,569.0,316.615,6.236,59.179,s16
5692,569.1,316.396,6.227,59.035,s16
5693,569.2,316.105,6.232,58.615,s16
5694,569.3,315.931,6.107,58.118,s16
5695,569.4,315.770,6.064,57.504,s16
5696,569.5,315.466,5.889,56.751,s16
5697,569.6,315.216,5.847,56.137,s16
5698,569.7,314.942,5.765,55.584,s17
5699,569.8,314.717,5.724,54.899,s17
5700,569.9,314.591,5.647,54.372,s17
5701,570.0,314.324,5.633,53.521,s17
5702,570.1,314.142,5.591,52.855,s17
5703,570.2,313.677,5.659,52.120,s17
5704,570.3,313.275,5.627,51.308,s17
5705,570.4,312.888,5.747,50.622,s17
5706,570.5,312.450,5.790,49.942,s17
5707,570.6,311.915,5.830,49.007,s17
5708,570.7,311.580,5.789,48.309,s17
5709,570.8,310.942,5.835,47.408,s17
5710,570.9,310.408,5.847,46.580,s17
5711,571.0,309.973,5.875,45.927,s17
5712,571.1,309.484,5.778,45.368,s17
5713,571.2,308.997,5.841,44.733,s17
5714,571.3,308.404,5.756,44.122,s17
5715,571.4,307.819,5.671,43.332,s17
5716,571.5,307.313,5.550,42.773,s17
5717,571.6,306.609,5.522,42.000,s17
5718,571.7,306.053,5.432,41.285,s17
5719,571.8,305.439,5.315,40.735,s17
5720,571.9,304.651,5.242,39.996,s17
5721,572.0,303.936,5.219,39.130,s17
5722,572.1,303.243,5.048,38.615,s17
5723,572.2,302.774,5.061,38.027,s17
5724,572.3,302.274,5.016,37.626,s17
5725,572.4,301.779,4.973,36.931,s17
5726,572.5,301.292,4.919,36.544,s17
5727,572.6,300.842,4.938,36.138,s17
5728,572.7,300.338,4.859,35.501,s17
5729,572.8,299.883,4.801,34.966,s17
5730,572.9,299.458,4.751,34.682,s17
5731,573.0,299.005,4.735,34.059,s17
5732,573.1,298.478,4.610,33.555,s17
5733,573.2,297.940,4.621,32.740,s17
5734,573.3,297.410,4.659,32.390,s17
5735,573.4,296.817,4.705,31.650,s17
5736,573.5,296.349,4.633,30.987,s17
5737,573.6,295.870,4.629,30.417,s17
5738,573.7,295.607,4.538,30.008,s17
5739,573.8,295.245,4.572,29.255,s17
5740,573.9,294.951,4.685,28.864,s17
5741,574.0,294.383,4.788,28.205,s17
5742,574.1,294.093,4.784,28.008,s17
5743,574.2,293.717,4.903,27.367,s17
5744,574.3,293.533,4.932,26.913,s17
5745,574.4,293.250,5.033,26.463,s17
5746,574.5,292.947,5.053,25.984,s17
5747,574.6,292.394,5.198,25.353,s17
5748,574.7,292.033,5.281,24.788,s17
5749,574.8,291.520,5.257,24.142,s17
5750,574.9,291.375,5.243,23.766,s17
5751,575.0,291.015,5.238,23.133,s17
5752,575.1,290.707,5.075,22.720,s17
5753,575.2,290.229,5.068,22.342,s17
5754,575.3,289.982,5.032,21.909,s17
5755,575.4,289.684,5.082,21.506,s17
5756,575.5,289.450,5.055,21.234,s17
5757,575.6,289.122,5.037,21.002,s17
5758,575.7,288.732,5.009,20.592,s17
5759,575.8,288.365,4.855,20.117,s17
5760,575.9,288.088,4.910,19.828,s17
5761,576.0,287.545,4.913,19.413,s17
5762,576.1,287.207,4.805,18.944,s17
5763,576.2,286.694,4.712,18.588,s17
5764,576.3,286.263,4.531,18.321,s17
5765,576.4,285.717,4.360,17.987,s17
5766,576.5,285.280,4.180,17.757,s17
5767,576.6,284.960,4.054,17.432,s17
5768,576.7,284.588,4.099,17.246,s17
5769,576.8,284.010,3.891,16.892,s17
5770,576.9,283.542,3.768,16.533,s17
5771,577.0,283.051,3.646,16.323,s17
5772,577.1,282.709,3.520,15.999,s17
5773,577.2,282.258,3.471,15.799,s17
5774,577.3,282.045,3.434,15.507,s17
5775,577.4,281.691,3.382,15.310,s17
5776,577.5,281.324,3.352,15.145,s17
5777,577.6,280.909,3.243,14.892,s17
5778,577.7,280.567,3.222,14.636,s17
5779,577.8,280.339,3.194,14.525,s17
5780,577.9,279.967,3.169,14.243,s17
5781,578.0,279.614,3.134,14.123,s17
5782,578.1,279.308,3.136,13.859,s17
5783,578.2,278.911,3.086,13.713,s17
5784,578.3,278.511,3.029,13.380,s17
5785,578.4,278.115,3.067,13.188,s17
5786,578.5,277.801,3.148,12.962,s17
5787,578.6,277.440,3.120,12.833,s17
5788,578.7,277.179,3.114,12.568,s17
5789,578.8,276.815,3.171,12.378,s17
5790,578.9,276.302,3.170,12.251,s17
5791,579.0,275.879,3.143,12.154,s17
5792,579.1,275.669,3.180,12.066,s17
5793,579.2,275.293,3.161,12.118,s17
5794,579.3,275.032,3.109,12.044,s17
5795,579.4,274.506,3.054,12.115,s17
5796,579.5,274.314,3.063,12.077,s17
5797,579.6,273.936,3.153,12.230,s17
5798,579.7,273.690,3.057,12.419,s17
5799,579.8,273.385,3.135,12.442,s17
5800,579.9,272.981,3.082,12.684,s17
5801,580.0,272.386,3.109,12.701,s17
5802,580.1,271.912,3.241,12.950,s17
5803,580.2,271.314,3.301,13.155,s17
5804,580.3,270.966,3.431,13.460,s17
5805,580.4,270.178,3.352,13.739,s17
5806,580.5,269.563,3.213,14.047,s17
5807,580.6,268.893,3.369,14.178,s17
5808,580.7,268.350,3.474,14.396,s17
5809,580.8,267.897,3.643,14.264,s17
5810,580.9,267.488,3.704,14.655,s17
5811,581.0,267.061,3.663,14.652,s17
5812,581.1,266.747,3.633,14.838,s17
5813,581.2,266.234,3.590,14.834,s17
5814,581.3,266.066,3.779,14.978,s17
5815,581.4,265.820,3.875,15.004,s17
5816,581.5,265.650,3.830,15.240,s17
5817,581.6,265.362,3.709,15.391,s17
5818,581.7,265.186,3.748,15.753,s17
5819,581.8,264.894,3.801,15.794,s17
5820,581.9,264.400,3.920,16.020,s17
5821,582.0,264.063,4.002,16.248,s17
5822,582.1,263.690,3.861,16.452,s17
5823,582.2,263.261,3.734,16.464,s17
5824,582.3,262.862,3.809,16.653,s17
5825,582.4,262.284,3.793,16.766,s17
5826,582.5,261.840,3.800,17.075,s17
5827,582.6,261.282,3.821,17.140,s17
5828,582.7,260.760,3.624,17.301,s17
5829,582.8,260.475,3.550,17.456,s17
5830,582.9,260.187,3.568,17.733,s17
5831,583.0,259.831,3.597,17.929,s17
5832,583.1,259.438,3.704,18.307,s17
5833,583.2,258.858,3.661,18.589,s17
5834,583.3,258.698,3.747,19.083,s17
5835,583.4,258.243,3.692,19.337,s17
5836,583.5,257.956,3.623,19.822,s17
5837,583.6,257.442,3.751,20.054,s17
5838,583.7,257.121,3.758,20.239,s17
5839,583.8,256.374,3.645,20.449,s17
5840,583.9,255.926,3.696,20.653,s17
5841,584.0,255.299,3.724,20.943,s17
5842,584.1,254.782,3.747,21.162,s17
5843,584.2,254.040,3.649,21.292,s17
5844,584.3,253.553,3.730,21.573,s17
5845,584.4,252.925,3.760,21.747,s17
5846,584.5,252.431,3.740,21.994,s17
5847,584.6,251.771,3.611,22.363,s17
5848,584.7,251.297,3.622,22.658,s17
5849,584.8,250.502,3.685,23.045,s17
5850,584.9,249.951,3.635,23.221,s17
5851,585.0,249.463,3.579,23.580,s17
5852,585.1,248.957,3.681,23.689,s17
5853,585.2,248.330,3.666,23.888,s17
5854,585.3,247.794,3.664,24.016,s17
5855,585.4,247.309,3.602,24.402,s17
5856,585.5,246.560,3.653,24.567,s17
5857,585.6,245.915,3.665,24.695,s17
5858,585.7,245.445,3.668,24.752,s17
5859,585.8,244.755,3.701,25.045,s17
5860,585.9,244.153,3.751,25.149,s17
5861,586.0,243.397,3.670,25.453,s17
5862,586.1,242.739,3.758,25.566,s17
5863,586.2,241.947,3.677,25.967,s17
5864,586.3,241.232,3.780,26.144,s17
5865,586.4,240.911,3.860,26.506,s17
5866,586.5,240.207,3.827,26.661,s17
5867,586.6,239.535,3.797,26.964,s17
5868,586.7,238.996,3.784,27.142,s17
5869,586.8,238.386,3.784,27.402,s17
5870,586.9,237.950,3.788,27.607,s17
5871,587.0,237.353,3.516,27.905,s17
5872,587.1,236.903,3.490,27.940,s17
5873,587.2,236.252,3.345,28.177,s17
5874,587.3,235.467,3.245,28.267,s17
5875,587.4,235.019,3.265,28.603,s17
5876,587.5,234.493,3.181,28.845,s17
5877,587.6,233.866,3.098,29.224,s17
5878,587.7,233.264,3.014,29.474,s17
5879,587.8,232.525,2.959,29.855,s17
5880,587.9,231.990,3.052,29.960,s17
5881,588.0,231.280,3.030,30.279,s17
5882,588.1,230.767,3.128,30.546,s17
5883,588.2,230.156,3.201,30.845,s17
5884,588.3,229.502,3.079,31.018,s17
5885,588.4,228.769,3.035,31.314,s17
5886,588.5,228.002,2.976,31.599,s17
5887,588.6,227.217,3.013,31.875,s17
5888,588.7,226.662,3.053,32.012,s17
5889,588.8,225.807,3.149,32.421,s17
5890,588.9,225.087,3.256,32.794,s17
5891,589.0,224.247,3.260,32.967,s17
5892,589.1,223.566,3.241,33.169,s17
5893,589.2,222.853,3.287,33.454,s17
5894,589.3,222.299,3.391,33.743,s17
5895,589.4,221.834,3.499,33.805,s17
5896,589.5,221.281,3.416,34.032,s17
5897,589.6,220.424,3.397,34.321,s17
5898,589.7,219.827,3.287,34.514,s17
5899,589.8,219.070,3.243,34.657,s17
5900,589.9,218.446,3.271,34.778,s17
5901,590.0,217.687,3.294,35.070,s17
5902,590.1,217.118,3.386,35.138,s17
5903,590.2,216.217,3.343,35.173,s17
5904,590.3,215.476,3.326,35.389,s17
5905,590.4,214.709,3.401,35.582,s17
5906,590.5,214.023,3.393,35.682,s17
5907,590.6,213.214,3.373,36.010,s17
5908,590.7,212.449,3.401,36.226,s17
5909,590.8,211.680,3.277,36.629,s17
5910,590.9,210.951,3.100,36.645,s17
5911,591.0,209.894,3.074,37.019,s17
5912,591.1,209.324,3.055,37.105,s17
5913,591.2,208.511,3.036,37.200,s17
5914,591.3,207.955,3.034,37.223,s17
5915,591.4,207.268,3.055,37.314,s17
5916,591.5,206.606,3.145,37.343,s17
5917,591.6,206.067,3.117,37.357,s17
5918,591.7,205.245,3.160,37.279,s17
5919,591.8,204.472,3.273,37.453,s17
5920,591.9,203.908,3.247,37.500,s17
5921,592.0,203.134,3.253,37.772,s17
5922,592.1,202.487,3.270,37.838,s17
5923,592.2,201.541,3.262,38.051,s17
5924,592.3,200.772,3.249,38.298,s17
5925,592.4,199.982,3.210,38.405,s17
5926,592.5,199.307,3.209,38.524,s17
5927,592.6,198.662,3.211,38.621,s17
5928,592.7,198.208,3.231,38.614,s17
5929,592.8,197.496,3.279,38.848,s17
5930,592.9,197.067,3.256,38.804,s17
5931,593.0,196.397,3.221,38.976,s17
5932,593.1,195.932,3.217,39.197,s17
5933,593.2,195.371,3.216,39.223,s17
5934,593.3,194.903,3.217,39.204,s17
5935,593.4,194.199,3.222,39.391,s17
5936,593.5,193.676,3.239,39.526,s17
5937,593.6,192.813,3.166,39.787,s17
5938,593.7,192.259,3.092,39.705,s17
5939,593.8,191.279,3.077,39.934,s17
5940,593.9,190.608,3.077,39.962,s17
5941,594.0,189.717,3.045,39.903,s17
5942,594.1,188.885,2.963,39.835,s17
5943,594.2,187.912,2.944,39.922,s17
5944,594.3,187.035,2.881,39.806,s17
5945,594.4,186.054,2.798,39.864,s17
5946,594.5,185.204,2.788,39.904,s17
5947,594.6,184.246,2.760,39.999,s17
5948,594.7,183.475,2.754,40.006,s17
5949,594.8,182.555,2.663,40.082,s17
5950,594.9,181.836,2.628,40.102,s17
5951,595.0,181.093,2.627,40.306,s17
5952,595.1,180.484,2.599,40.376,s17
5953,595.2,179.711,2.597,40.555,s17
5954,595.3,179.155,2.654,40.557,s17
5955,595.4,178.723,2.645,40.653,s17
5956,595.5,178.393,2.671,40.655,s17
5957,595.6,177.919,2.599,40.720,s17
5958,595.7,177.493,2.612,40.912,s17
5959,595.8,176.909,2.612,41.008,s17
5960,595.9,176.421,2.597,41.110,s17
5961,596.0,175.747,2.576,41.325,s17
5962,596.1,175.275,2.544,41.448,s17
5963,596.2,174.640,2.485,41.739,s17
5964,596.3,173.932,2.484,41.718,s17
5965,596.4,173.012,2.423,41.862,s17
5966,596.5,172.416,2.505,41.967,s17
5967,596.6,171.594,2.523,42.000,s17
5968,596.7,171.102,2.535,42.147,s17
5969,596.8,170.429,2.578,42.214,s17
5970,596.9,170.012,2.569,42.156,s17
5971,597.0,169.268,2.565,42.160,s17
5972,597.1,168.631,2.546,42.080,s17
5973,597.2,167.831,2.447,42.058,s17
5974,597.3,167.220,2.439,42.021,s17
5975,597.4,166.312,2.341,41.912,s17
5976,597.5,165.656,2.221,41.815,s17
5977,597.6,164.813,2.123,41.761,s17
5978,597.7,164.136,2.119,41.790,s17
5979,597.8,163.304,2.067,41.868,s17
5980,597.9,162.845,2.044,41.995,s17
5981,598.0,162.124,1.942,42.054,s17
5982,598.1,161.583,2.039,42.304,s17
5983,598.2,160.728,1.982,42.421,s17
5984,598.3,160.138,1.994,42.660,s17
5985,598.4,159.425,2.020,42.765,s17
5986,598.5,158.856,2.044,42.766,s17
5987,598.6,158.284,1.967,42.677,s17
5988,598.7,157.723,1.976,42.682,s17
5989,598.8,156.845,1.856,42.704,s17
5990,598.9,156.173,1.929,42.818,s17
5991,599.0,155.251,1.871,42.834,s17
5992,599.1,154.666,1.875,42.975,s17
5993,599.2,153.841,1.827,42.994,s17
5994,599.3,153.025,1.872,43.082,s17
5995,599.4,151.982,1.876,43.186,s17
5996,599.5,151.018,1.860,43.356,s17
5997,599.6,150.207,1.909,43.325,s17
5998,599.7,149.352,1.950,43.216,s17
5999,599.8,148.572,1.973,43.045,s17
6000,599.9,147.837,1.955,42.930,s17
6001,600.0,147.223,2.005,42.697,s17
6002,600.1,146.547,2.014,42.638,s17
6003,600.2,146.041,2.009,42.634,s17
6004,600.3,145.568,1.947,42.710,s17
6005,600.4,144.851,1.888,42.661,s17
6006,600.5,144.231,1.863,42.816,s17
6007,600.6,143.760,1.828,42.834,s17
6008,600.7,143.285,1.678,42.928,s17
6009,600.8,142.915,1.692,43.075,s17
6010,600.9,142.571,1.679,43.430,s17
6011,601.0,142.085,1.690,43.527,s17
6012,601.1,141.542,1.534,43.615,s17
6013,601.2,141.143,1.548,43.754,s17
6014,601.3,140.908,1.467,43.980,s17
6015,601.4,140.483,1.259,44.133,s17
6016,601.5,140.150,1.187,44.556,s17
6017,601.6,139.709,1.223,44.828,s17
6018,601.7,139.225,1.231,44.935,s17
6019,601.8,138.658,1.123,44.981,s17
6020,601.9,138.229,0.962,45.272,s17
6021,602.0,137.935,1.118,45.439,s17
6022,602.1,137.263,1.047,45.482,s17
6023,602.2,136.598,1.065,45.633,s17
6024,602.3,135.765,1.161,45.782,s17
6025,602.4,135.095,1.144,45.644,s17
6026,602.5,134.560,1.250,45.634,s17
6027,602.6,133.970,1.214,45.751,s17
6028,602.7,133.381,1.267,45.914,s17
6029,602.8,132.820,1.383,46.027,s17
6030,602.9,131.946,1.340,46.121,s17
6031,603.0,131.327,1.310,46.297,s17
6032,603.1,130.739,1.314,46.482,s17
6033,603.2,130.332,1.345,46.508,s17
6034,603.3,129.640,1.405,46.850,s17
6035,603.4,128.972,1.341,47.117,s17
6036,603.5,128.450,1.258,47.412,s17
6037,603.6,127.628,1.164,47.599,s17
6038,603.7,126.857,1.137,47.826,s17
6039,603.8,126.196,1.119,48.047,s17
6040,603.9,125.321,1.164,48.249,s17
6041,604.0,124.693,1.262,48.417,s17
6042,604.1,123.904,1.249,48.798,s17
6043,604.2,123.075,1.308,48.910,s17
6044,604.3,122.286,1.277,49.191,s17
6045,604.4,121.425,1.343,49.404,s17
6046,604.5,120.712,1.420,49.702,s17
6047,604.6,119.988,1.435,49.760,s17
6048,604.7,119.399,1.422,49.984,s17
6049,604.8,119.029,1.349,50.287,s17
6050,604.9,118.551,1.190,50.581,s17
6051,605.0,118.125,1.133,50.818,s17
6052,605.1,117.775,1.024,51.204,s17
6053,605.2,117.373,0.972,51.467,s17
6054,605.3,116.920,0.890,51.830,s18
6055,605.4,116.451,0.769,52.095,s18
6056,605.5,116.140,0.748,52.531,s18
6057,605.6,115.752,0.696,52.854,s18
6058,605.7,115.270,0.678,53.107,s18
6059,605.8,114.499,0.774,53.379,s18
6060,605.9,113.874,0.749,53.589,s18
6061,606.0,113.295,0.789,53.723,s18
6062,606.1,112.692,0.716,54.002,s18
6063,606.2,112.176,0.747,54.170,s18
6064,606.3,111.663,0.788,54.350,s18
6065,606.4,111.039,0.715,54.538,s18
6066,606.5,110.421,0.647,54.833,s18
6067,606.6,109.778,0.642,55.074,s18
6068,606.7,109.142,0.590,55.280,s18
6069,606.8,108.459,0.548,55.531,s18
6070,606.9,107.746,0.439,55.796,s18
6071,607.0,106.984,0.428,56.000,s18
6072,607.1,106.264,0.383,56.179,s18
6073,607.2,105.579,0.391,56.381,s18
6074,607.3,104.831,0.361,56.656,s18
6075,607.4,104.172,0.393,56.863,s18
6076,607.5,103.695,0.379,57.046,s18
6077,607.6,103.274,0.310,57.182,s18
6078,607.7,102.874,0.284,57.314,s18
6079,607.8,102.415,0.324,57.614,s18
6080,607.9,102.018,0.305,57.768,s18
6081,608.0,101.497,0.269,58.060,s18
6082,608.1,101.040,0.187,58.306,s18
6083,608.2,100.627,0.134,58.504,s18
6084,608.3,100.053,0.092,58.762,s18
6085,608.4,99.403,0.045,59.083,s18
6086,608.5,98.812,0.040,59.475,s18
6087,608.6,98.082,0.075,59.860,s18
6088,608.7,97.493,0.047,60.159,s18
6089,608.8,96.788,0.056,60.588,s18
6090,608.9,96.170,0.048,60.952,s18
6091,609.0,95.443,-0.008,61.351,s18
6092,609.1,94.875,-0.031,61.658,s18
6093,609.2,94.198,-0.068,61.991,s18
6094,609.3,93.473,0.035,62.360,s18
6095,609.4,92.748,0.136,62.590,s18
6096,609.5,91.970,0.132,62.959,s18
6097,609.6,91.254,0.182,63.349,s18
6098,609.7,90.582,0.243,63.582,s18
6099,609.8,89.872,0.304,63.936,s18
6100,609.9,89.214,0.425,64.218,s18
6101,610.0,88.441,0.582,64.600,s18
6102,610.1,87.808,0.720,64.977,s18
6103,610.2,87.190,0.742,65.159,s18
6104,610.3,86.692,0.778,65.432,s18
6105,610.4,86.245,0.904,65.591,s18
6106,610.5,85.745,0.977,65.705,s18
6107,610.6,85.200,1.012,65.946,s18
6108,610.7,84.779,1.025,66.102,s18
6109,610.8,84.167,1.076,66.378,s18
6110,610.9,83.622,1.032,66.546,s18
6111,611.0,82.987,1.052,66.713,s18
6112,611.1,82.402,1.095,66.940,s18
6113,611.2,81.711,1.097,67.127,s18
6114,611.3,80.950,1.158,67.295,s18
6115,611.4,80.223,1.285,67.426,s18
6116,611.5,79.563,1.338,67.554,s18
6117,611.6,78.744,1.571,67.670,s18
6118,611.7,78.062,1.772,67.813,s18
6119,611.8,77.382,1.939,67.977,s18
6120,611.9,76.801,2.069,68.190,s18
6121,612.0,76.119,2.191,68.405,s18
6122,612.1,75.334,2.228,68.658,s18
6123,612.2,74.717,2.230,69.019,s18
6124,612.3,74.080,2.248,69.264,s18
6125,612.4,73.236,2.337,69.613,s18
6126,612.5,72.503,2.214,69.867,s18
6127,612.6,71.903,2.185,69.998,s18
6128,612.7,71.235,2.242,70.159,s18
6129,612.8,70.542,2.281,70.203,s18
6130,612.9,69.929,2.274,70.397,s18
6131,613.0,69.468,2.357,70.548,s18
6132,613.1,68.988,2.396,70.603,s18
6133,613.2,68.373,2.371,70.897,s18
6134,613.3,68.150,2.318,70.918,s18
6135,613.4,67.634,2.344,71.224,s18
6136,613.5,67.192,2.309,71.488,s18
6137,613.6,66.726,2.313,71.736,s18
6138,613.7,66.442,2.295,71.906,s18
6139,613.8,65.852,2.298,72.227,s18
6140,613.9,65.280,2.385,72.510,s18
6141,614.0,64.542,2.437,72.928,s18
6142,614.1,64.041,2.458,73.155,s18
6143,614.2,63.294,2.681,73.608,s18
6144,614.3,62.773,2.724,73.994,s18
6145,614.4,61.953,2.852,74.389,s18
6146,614.5,61.283,2.943,74.879,s18
6147,614.6,60.343,3.068,75.433,s18
6148,614.7,59.773,3.113,75.746,s18
6149,614.8,59.156,3.162,76.127,s18
6150,614.9,58.572,3.212,76.433,s18
6151,615.0,58.004,3.337,76.811,s18
6152,615.1,57.374,3.320,77.173,s18
6153,615.2,56.850,3.428,77.449,s18
6154,615.3,56.526,3.460,77.652,s18
6155,615.4,56.013,3.432,77.926,s18
6156,615.5,55.660,3.404,78.159,s18
6157,615.6,55.130,3.435,78.545,s18
6158,615.7,54.592,3.310,78.813,s18
6159,615.8,54.181,3.304,79.167,s18
6160,615.9,53.672,3.249,79.532,s18
6161,616.0,53.282,3.259,79.822,s18
6162,616.1,52.810,3.250,80.181,s18
6163,616.2,52.290,3.205,80.552,s18
6164,616.3,51.832,3.208,80.889,s18
6165,616.4,51.324,3.210,81.262,s18
6166,616.5,50.792,3.217,81.480,s18
6167,616.6,50.391,3.358,81.760,s18
6168,616.7,50.060,3.353,81.988,s18
6169,616.8,49.504,3.397,82.165,s18
6170,616.9,48.911,3.365,82.610,s18
6171,617.0,48.377,3.380,82.804,s18
6172,617.1,47.922,3.411,83.084,s18
6173,617.2,47.501,3.500,83.323,s18
6174,617.3,47.077,3.477,83.615,s18
6175,617.4,46.840,3.580,83.872,s18
6176,617.5,46.419,3.605,84.265,s18
6177,617.6,45.917,3.680,84.570,s18
6178,617.7,45.622,3.627,84.835,s18
6179,617.8,45.156,3.733,84.994,s18
6180,617.9,44.808,3.766,85.356,s18
6181,618.0,44.270,3.838,85.766,s18
6182,618.1,43.799,3.806,86.109,s18
6183,618.2,43.228,3.890,86.462,s18
6184,618.3,42.766,3.831,86.908,s18
6185,618.4,42.124,3.844,87.240,s18
6186,618.5,41.614,3.839,87.567,s18
6187,618.6,40.990,3.964,88.129,s18
6188,618.7,40.425,3.929,88.541,s18
6189,618.8,39.719,3.914,88.946,s18
6190,618.9,39.343,3.843,89.304,s18
6191,619.0,38.820,3.845,89.770,s18
6192,619.1,38.383,3.841,90.255,s18
6193,619.2,37.903,3.890,90.557,s18
6194,619.3,37.440,3.779,91.111,s18
6195,619.4,36.973,3.818,91.609,s18
6196,619.5,36.610,3.731,91.986,s18
6197,619.6,36.214,3.736,92.502,s18
6198,619.7,35.811,3.768,92.839,s18
6199,619.8,35.208,3.807,93.302,s18
6200,619.9,34.719,3.766,93.768,s18
6201,620.0,34.108,3.763,94.208,s18
6202,620.1,33.523,3.765,94.696,s18
6203,620.2,33.066,3.866,95.032,s18
6204,620.3,32.516,3.841,95.595,s18
6205,620.4,31.964,3.962,95.939,s18
6206,620.5,31.514,3.976,96.289,s18
6207,620.6,31.068,3.995,96.815,s18
6208,620.7,30.517,4.057,97.303,s18
6209,620.8,30.016,4.131,97.576,s18
6210,620.9,29.729,4.107,97.916,s18
6211,621.0,29.188,4.132,98.293,s18
6212,621.1,28.647,4.162,98.753,s18
6213,621.2,28.212,4.251,99.006,s18
6214,621.3,27.598,4.223,99.539,s18
6215,621.4,27.067,4.282,99.944,s18
6216,621.5,26.655,4.242,100.392,s18
6217,621.6,26.184,4.252,100.806,s18
6218,621.7,25.605,4.354,101.300,s18
6219,621.8,24.855,4.473,101.836,s18
6220,621.9,24.275,4.528,102.372,s18
6221,622.0,23.768,4.566,102.878,s18
6222,622.1,23.246,4.551,103.382,s18
6223,622.2,22.756,4.608,103.855,s18
6224,622.3,22.251,4.576,104.509,s18
6225,622.4,21.484,4.627,104.994,s18
6226,622.5,20.928,4.661,105.552,s18
6227,622.6,20.378,4.674,106.049,s18
6228,622.7,19.901,4.641,106.526,s18
6229,622.8,19.384,4.614,106.999,s18
6230,622.9,18.852,4.584,107.426,s18
6231,623.0,18.193,4.523,107.919,s18
6232,623.1,17.689,4.515,108.485,s18
6233,623.2,17.168,4.583,108.785,s18
6234,623.3,16.729,4.631,109.290,s18
6235,623.4,16.364,4.590,109.590,s18
6236,623.5,15.995,4.375,109.889,s18
6237,623.6,15.664,4.396,110.234,s18
6238,623.7,15.270,4.382,110.707,s18
6239,623.8,14.728,4.384,111.198,s18
6240,623.9,14.261,4.451,111.594,s18
6241,624.0,13.703,4.483,111.935,s18
6242,624.1,13.211,4.405,112.382,s18
6243,624.2,12.974,4.288,112.623,s18
6244,624.3,12.295,4.243,113.175,s18
6245,624.4,11.671,4.351,113.757,s18
6246,624.5,11.063,4.356,114.136,s18
6247,624.6,10.426,4.377,114.559,s18
6248,624.7,9.972,4.379,114.925,s18
6249,624.8,9.583,4.472,115.447,s18
6250,624.9,9.087,4.467,116.002,s18
6251,625.0,8.560,4.540,116.439,s18
6252,625.1,8.029,4.608,116.890,s18
6253,625.2,7.728,4.686,117.250,s18
6254,625.3,7.319,4.752,117.788,s18
6255,625.4,6.774,4.789,118.477,s18
6256,625.5,6.542,4.730,118.917,s18
6257,625.6,6.162,4.811,119.504,s18
6258,625.7,5.728,4.756,120.006,s18
6259,625.8,5.324,4.774,120.418,s18
6260,625.9,5.017,4.792,120.990,s18
6261,626.0,4.581,4.887,121.630,s18
6262,626.1,3.961,4.816,122.216,s18
6263,626.2,3.342,4.870,122.761,s18
6264,626.3,3.051,4.888,123.152,s18
6265,626.4,2.358,5.027,123.764,s18
6266,626.5,1.910,5.051,124.091,s18
6267,626.6,1.403,5.087,124.607,s18
6268,626.7,1.069,5.089,125.015,s18
6269,626.8,0.536,5.126,125.511,s18
6270,626.9,0.025,5.237,125.961,s18
6271,627.0,-0.425,5.369,126.422,s18
6272,627.1,-0.682,5.291,126.793,s18
6273,627.2,-1.328,5.297,127.346,s18
6274,627.3,-1.805,5.373,127.844,s18
6275,627.4,-2.425,5.401,128.476,s18
6276,627.5,-2.929,5.407,128.938,s18
6277,627.6,-3.592,5.469,129.442,s18
6278,627.7,-4.059,5.392,129.818,s18
6279,627.8,-4.809,5.390,130.416,s18
6280,627.9,-5.331,5.428,130.926,s18
6281,628.0,-6.076,5.539,131.519,s18
6282,628.1,-6.567,5.593,131.985,s18
6283,628.2,-7.193,5.603,132.456,s18
6284,628.3,-7.742,5.670,132.862,s18
6285,628.4,-8.444,5.812,133.360,s18
6286,628.5,-8.856,5.898,133.894,s18
6287,628.6,-9.509,6.056,134.483,s18
6288,628.7,-9.761,5.902,134.916,s18
6289,628.8,-10.216,5.969,135.356,s18
6290,628.9,-10.697,6.018,135.799,s18
6291,629.0,-11.175,6.046,136.276,s18
6292,629.1,-11.493,5.983,136.671,s18
6293,629.2,-11.853,5.969,137.183,s18
6294,629.3,-12.272,5.851,137.608,s18
6295,629.4,-12.826,5.876,138.049,s18
6296,629.5,-13.272,5.874,138.585,s18
6297,629.6,-13.978,6.126,139.041,s18
6298,629.7,-14.468,6.055,139.467,s18
6299,629.8,-14.935,6.091,140.103,s18
6300,629.9,-15.417,6.018,140.621,s18
6301,630.0,-15.990,6.152,141.231,s18
6302,630.1,-16.424,6.135,141.738,s18
6303,630.2,-16.885,6.286,142.286,s18
6304,630.3,-17.374,6.318,142.948,s18
6305,630.4,-17.930,6.330,143.519,s18
6306,630.5,-18.526,6.159,144.225,s18
6307,630.6,-19.055,6.245,144.845,s18
6308,630.7,-19.594,6.313,145.380,s18
6309,630.8,-20.311,6.495,146.150,s18
6310,630.9,-20.949,6.462,146.766,s18
6311,631.0,-21.730,6.539,147.394,s18
6312,631.1,-22.280,6.578,148.073,s18
6313,631.2,-22.941,6.618,148.638,s18
6314,631.3,-23.431,6.595,149.019,s18
6315,631.4,-23.953,6.767,149.527,s18
6316,631.5,-24.495,6.715,150.024,s18
6317,631.6,-24.999,6.766,150.429,s18
6318,631.7,-25.261,6.716,150.622,s18
6319,631.8,-25.614,6.761,151.074,s18
6320,631.9,-25.884,6.780,151.333,s18
6321,632.0,-26.419,6.797,151.843,s18
6322,632.1,-26.782,6.839,152.141,s18
6323,632.2,-27.232,7.016,152.552,s18
6324,632.3,-27.489,6.988,152.784,s18
6325,632.4,-27.929,7.152,153.335,s18
6326,632.5,-28.193,7.086,153.692,s18
6327,632.6,-28.575,7.125,154.249,s18
6328,632.7,-28.799,7.122,154.498,s18
6329,632.8,-29.161,7.096,155.145,s18
6330,632.9,-29.386,6.960,155.507,s18
6331,633.0,-29.612,6.859,155.991,s18
6332,633.1,-29.735,6.770,156.306,s18
6333,633.2,-29.953,6.834,156.806,s18
6334,633.3,-30.054,6.762,157.030,s18
6335,633.4,-30.246,6.763,157.385,s18
6336,633.5,-30.429,6.779,157.678,s18
6337,633.6,-30.639,6.746,158.153,s18
6338,633.7,-30.810,6.797,158.360,s18
6339,633.8,-30.894,6.876,158.626,s18
6340,633.9,-31.002,6.929,158.857,s18
6341,634.0,-31.205,6.947,159.407,s18
6342,634.1,-31.396,6.969,159.687,s18
6343,634.2,-31.512,6.978,160.082,s18
6344,634.3,-31.608,6.925,160.564,s18
6345,634.4,-31.763,6.835,160.905,s18
6346,634.5,-32.086,6.801,161.125,s18
6347,634.6,-32.269,6.745,161.692,s18
6348,634.7,-32.575,6.801,161.919,s18
6349,634.8,-32.736,6.783,162.299,s18
6350,634.9,-33.005,6.679,162.421,s18
6351,635.0,-33.032,6.595,162.689,s18
6352,635.1,-33.328,6.612,162.968,s18
6353,635.2,-33.541,6.630,163.123,s18
6354,635.3,-33.698,6.668,163.397,s18
6355,635.4,-33.803,6.765,163.631,s18
6356,635.5,-33.892,6.706,163.746,s18
6357,635.6,-33.968,6.687,164.060,s18
6358,635.7,-34.058,6.622,164.227,s18
6359,635.8,-34.051,6.685,164.580,s18
6360,635.9,-34.357,6.811,164.936,s18
6361,636.0,-34.522,6.684,165.260,s18
6362,636.1,-34.736,6.726,165.525,s18
6363,636.2,-34.789,6.741,165.754,s18
6364,636.3,-34.781,6.733,166.130,s18
6365,636.4,-34.968,6.924,166.318,s18
6366,636.5,-34.953,6.815,166.515,s18
6367,636.6,-35.190,6.932,166.782,s18
6368,636.7,-35.449,7.002,166.982,s18
6369,636.8,-35.565,6.851,167.288,s18
6370,636.9,-35.733,6.907,167.501,s18
6371,637.0,-35.972,6.940,167.801,s18
6372,637.1,-36.349,6.930,168.073,s18
6373,637.2,-36.712,6.975,168.365,s18
6374,637.3,-37.176,6.957,168.697,s18
6375,637.4,-37.727,7.052,169.169,s18
6376,637.5,-38.153,7.067,169.485,s18
6377,637.6,-38.374,7.133,169.862,s18
6378,637.7,-38.784,7.246,170.087,s18
6379,637.8,-39.054,7.348,170.407,s18
6380,637.9,-39.356,7.360,170.607,s18
6381,638.0,-39.781,7.504,170.916,s18
6382,638.1,-40.189,7.538,171.141,s18
6383,638.2,-40.372,7.572,171.425,s18
6384,638.3,-40.608,7.651,171.526,s18
6385,638.4,-40.827,7.673,171.773,s18
6386,638.5,-41.236,7.689,172.009,s18
6387,638.6,-41.486,7.699,172.160,s18
6388,638.7,-41.943,7.749,172.392,s18
6389,638.8,-42.241,7.817,172.714,s18
6390,638.9,-42.479,7.805,173.056,s18
6391,639.0,-42.837,7.842,173.471,s18
6392,639.1,-43.270,7.872,173.700,s18
6393,639.2,-43.674,7.883,174.041,s18
6394,639.3,-44.115,7.809,174.496,s18
6395,639.4,-44.547,7.735,174.863,s18
6396,639.5,-44.898,7.738,175.205,s18
6397,639.6,-45.207,7.707,175.535,s18
6398,639.7,-45.621,7.626,175.784,s18
6399,639.8,-46.070,7.535,176.004,s18
6400,639.9,-46.333,7.562,176.156,s18
6401,640.0,-46.523,7.540,176.422,s18
6402,640.1,-46.799,7.557,176.658,s18
6403,640.2,-46.953,7.696,176.781,s18
6404,640.3,-47.141,7.815,176.971,s18
6405,640.4,-47.601,7.856,177.353,s18
6406,640.5,-47.965,7.805,177.682,s18
6407,640.6,-48.288,7.894,178.109,s18
6408,640.7,-48.571,7.896,178.405,s18
6409,640.8,-48.957,7.863,178.636,s18
6410,640.9,-49.476,7.873,179.000,s18
6411,641.0,-49.862,7.891,179.273,s18
6412,641.1,-50.369,7.856,179.548,s18
6413,641.2,-50.949,7.784,179.898,s18
6414,641.3,-51.310,7.782,180.135,s18
6415,641.4,-51.597,7.867,180.402,s18
6416,641.5,-51.801,7.789,180.562,s18
6417,641.6,-52.039,7.860,180.638,s18
6418,641.7,-52.206,7.801,180.882,s18
6419,641.8,-52.249,7.816,181.032,s18
6420,641.9,-52.262,7.773,181.205,s18
6421,642.0,-52.332,7.788,181.441,s18
6422,642.1,-52.242,7.819,181.608,s18
6423,642.2,-52.208,7.760,181.579,s18
6424,642.3,-52.158,7.647,181.665,s18
6425,642.4,-52.238,7.688,181.674,s18
6426,642.5,-51.971,7.662,181.725,s18
6427,642.6,-51.921,7.733,181.745,s18
6428,642.7,-51.929,7.696,181.782,s18
6429,642.8,-52.005,7.695,181.770,s18
6430,642.9,-52.042,7.594,181.772,s18
6431,643.0,-52.130,7.471,181.750,s18
6432,643.1,-51.907,7.480,181.919,s18
6433,643.2,-51.873,7.562,181.827,s18
6434,643.3,-51.664,7.554,181.915,s18
6435,643.4,-51.865,7.579,182.031,s18
6436,643.5,-51.778,7.601,182.131,s18
6437,643.6,-51.791,7.508,182.117,s18
6438,643.7,-51.692,7.532,182.211,s18
6439,643.8,-51.650,7.516,182.242,s18
6440,643.9,-51.603,7.670,182.172,s18
6441,644.0,-51.703,7.782,182.095,s18
6442,644.1,-51.791,7.755,182.092,s18
6443,644.2,-51.896,7.713,182.122,s18
6444,644.3,-51.803,7.710,182.145,s18
6445,644.4,-51.826,7.529,182.016,s18
6446,644.5,-51.844,7.511,181.912,s18
6447,644.6,-51.930,7.400,181.926,s18
6448,644.7,-51.988,7.432,181.813,s18
6449,644.8,-52.000,7.275,181.827,s18
6450,644.9,-52.092,7.168,181.737,s18
6451,645.0,-52.087,7.146,181.720,s18
6452,645.1,-52.145,7.119,181.652,s18
6453,645.2,-52.325,7.081,181.580,s18
6454,645.3,-52.435,7.188,181.584,s18
6455,645.4,-52.361,7.231,181.657,s18
6456,645.5,-52.414,7.262,181.537,s18
6457,645.6,-52.362,7.269,181.592,s18
6458,645.7,-52.244,7.296,181.488,s18
6459,645.8,-52.166,7.246,181.480,s18
6460,645.9,-52.076,7.249,181.382,s18
6461,646.0,-52.030,7.308,181.359,s18
6462,646.1,-52.032,7.319,181.366,s18
6463,646.2,-52.038,7.287,181.364,s18
6464,646.3,-52.110,7.306,181.347,s18
6465,646.4,-52.039,7.295,181.380,s18
6466,646.5,-52.063,7.316,181.430,s18
6467,646.6,-52.161,7.321,181.533,s18
6468,646.7,-52.273,7.415,181.590,s18
6469,646.8,-52.250,7.427,181.742,s18
6470,646.9,-52.368,7.413,181.710,s18
6471,647.0,-52.367,7.412,181.707,s18
6472,647.1,-52.399,7.424,181.729,s18
6473,647.2,-52.419,7.424,181.729,s18
6474,647.3,-52.503,7.443,181.718,s18
